date,code,name,call_vol,put_vol,pcr_vol
2024-01-02,510050,上证50ETF,664449.0,499468.0,75.17
2024-01-02,510300,沪深300ETF,495245.0,407150.0,82.21
2024-01-02,510500,中证500ETF,183620.0,146318.0,79.69
2024-01-02,588000,科创50ETF,189405.0,104041.0,54.93
2024-01-02,588080,科创板50ETF,85069.0,43953.0,51.67
2024-01-03,510050,上证50ETF,640823.0,499107.0,77.89
2024-01-03,510300,沪深300ETF,516023.0,434558.0,84.21
2024-01-03,510500,中证500ETF,218472.0,226983.0,103.9
2024-01-03,588000,科创50ETF,230048.0,120984.0,52.59
2024-01-03,588080,科创板50ETF,96623.0,55068.0,56.99
2024-01-04,510050,上证50ETF,935704.0,807783.0,86.33
2024-01-04,510300,沪深300ETF,769673.0,663553.0,86.21
2024-01-04,510500,中证500ETF,239412.0,250898.0,104.8
2024-01-04,588000,科创50ETF,210993.0,120735.0,57.22
2024-01-04,588080,科创板50ETF,94689.0,54073.0,57.11
2024-01-05,510050,上证50ETF,910580.0,819150.0,89.96
2024-01-05,510300,沪深300ETF,720501.0,656735.0,91.15
2024-01-05,510500,中证500ETF,272370.0,307118.0,112.76
2024-01-05,588000,科创50ETF,262843.0,179002.0,68.1
2024-01-05,588080,科创板50ETF,113104.0,80949.0,71.57
2024-01-08,510050,上证50ETF,1001970.0,1048104.0,104.6
2024-01-08,510300,沪深300ETF,852786.0,862137.0,101.1
2024-01-08,510500,中证500ETF,441839.0,535288.0,121.15
2024-01-08,588000,科创50ETF,380896.0,336532.0,88.35
2024-01-08,588080,科创板50ETF,160219.0,185140.0,115.55
2024-01-09,510050,上证50ETF,803634.0,756559.0,94.14
2024-01-09,510300,沪深300ETF,747231.0,726604.0,97.24
2024-01-09,510500,中证500ETF,375881.0,429049.0,114.14
2024-01-09,588000,科创50ETF,383324.0,320526.0,83.62
2024-01-09,588080,科创板50ETF,180111.0,148279.0,82.33
2024-01-10,510050,上证50ETF,715650.0,666563.0,93.14
2024-01-10,510300,沪深300ETF,670259.0,621336.0,92.7
2024-01-10,510500,中证500ETF,378426.0,445759.0,117.79
2024-01-10,588000,科创50ETF,364339.0,265948.0,72.99
2024-01-10,588080,科创板50ETF,169097.0,140313.0,82.98
2024-01-11,510050,上证50ETF,679459.0,584301.0,86.0
2024-01-11,510300,沪深300ETF,585993.0,502792.0,85.8
2024-01-11,510500,中证500ETF,413631.0,448641.0,108.46
2024-01-11,588000,科创50ETF,294617.0,215615.0,73.18
2024-01-11,588080,科创板50ETF,141223.0,121184.0,85.81
2024-01-12,510050,上证50ETF,615230.0,494816.0,80.43
2024-01-12,510300,沪深300ETF,563201.0,497428.0,88.32
2024-01-12,510500,中证500ETF,357130.0,332104.0,92.99
2024-01-12,588000,科创50ETF,263604.0,188250.0,71.41
2024-01-12,588080,科创板50ETF,125107.0,90412.0,72.27
2024-01-15,510050,上证50ETF,829976.0,721138.0,86.89
2024-01-15,510300,沪深300ETF,714977.0,668671.0,93.52
2024-01-15,510500,中证500ETF,337733.0,387503.0,114.74
2024-01-15,588000,科创50ETF,325628.0,217473.0,66.79
2024-01-15,588080,科创板50ETF,165237.0,131854.0,79.8
2024-01-16,510050,上证50ETF,1085137.0,934443.0,86.11
2024-01-16,510300,沪深300ETF,893630.0,869522.0,97.3
2024-01-16,510500,中证500ETF,469990.0,565351.0,120.29
2024-01-16,588000,科创50ETF,360053.0,254692.0,70.74
2024-01-16,588080,科创板50ETF,204631.0,183196.0,89.53
2024-01-17,510050,上证50ETF,1200459.0,1067553.0,88.93
2024-01-17,510300,沪深300ETF,944273.0,923266.0,97.78
2024-01-17,510500,中证500ETF,386667.0,477660.0,123.53
2024-01-17,588000,科创50ETF,290992.0,245437.0,84.34
2024-01-17,588080,科创板50ETF,182408.0,147865.0,81.06
2024-01-18,510050,上证50ETF,2227990.0,2220604.0,99.67
2024-01-18,510300,XD沪深300ETF,1662065.0,1977294.0,118.97
2024-01-18,510500,中证500ETF,850566.0,1098205.0,129.11
2024-01-18,588000,科创50ETF,644439.0,543726.0,84.37
2024-01-18,588080,科创板50ETF,369542.0,319555.0,86.47
2024-01-19,510050,上证50ETF,1367092.0,1086380.0,79.47
2024-01-19,510300,沪深300ETF,1094127.0,979143.0,89.49
2024-01-19,510500,中证500ETF,475173.0,563462.0,118.58
2024-01-19,588000,科创50ETF,379786.0,276564.0,72.82
2024-01-19,588080,科创板50ETF,192247.0,140038.0,72.84
2024-01-22,510050,上证50ETF,1519393.0,1367121.0,89.98
2024-01-22,510300,沪深300ETF,1115499.0,1092975.0,97.98
2024-01-22,510500,中证500ETF,806495.0,913673.0,113.29
2024-01-22,588000,科创50ETF,475030.0,401966.0,84.62
2024-01-22,588080,科创板50ETF,216947.0,193712.0,89.29
2024-01-23,510050,上证50ETF,1293581.0,1119078.0,86.51
2024-01-23,510300,沪深300ETF,1052614.0,978983.0,93.0
2024-01-23,510500,中证500ETF,851356.0,856710.0,100.63
2024-01-23,588000,科创50ETF,394073.0,314504.0,79.81
2024-01-23,588080,科创板50ETF,210210.0,174761.0,83.14
2024-01-24,510050,上证50ETF,1573312.0,1184112.0,75.26
2024-01-24,510300,沪深300ETF,1172993.0,1091591.0,93.06
2024-01-24,510500,中证500ETF,972191.0,859197.0,88.38
2024-01-24,588000,科创50ETF,409715.0,385092.0,93.99
2024-01-24,588080,科创板50ETF,196752.0,191985.0,97.58
2024-01-25,510050,上证50ETF,1292627.0,1044674.0,80.82
2024-01-25,510300,沪深300ETF,1024056.0,804129.0,78.52
2024-01-25,510500,中证500ETF,686854.0,591391.0,86.1
2024-01-25,588000,科创50ETF,394473.0,262129.0,66.45
2024-01-25,588080,科创板50ETF,147864.0,118491.0,80.14
2024-01-26,510050,上证50ETF,867258.0,806172.0,92.96
2024-01-26,510300,沪深300ETF,702848.0,638928.0,90.91
2024-01-26,510500,中证500ETF,432422.0,469257.0,108.52
2024-01-26,588000,科创50ETF,285977.0,225359.0,78.8
2024-01-26,588080,科创板50ETF,111272.0,71431.0,64.19
2024-01-29,510050,上证50ETF,782134.0,777062.0,99.35
2024-01-29,510300,沪深300ETF,588270.0,624979.0,106.24
2024-01-29,510500,中证500ETF,402189.0,546172.0,135.8
2024-01-29,588000,科创50ETF,310403.0,272673.0,87.84
2024-01-29,588080,科创板50ETF,140385.0,114540.0,81.59
2024-01-30,510050,上证50ETF,858979.0,953724.0,111.03
2024-01-30,510300,沪深300ETF,728503.0,816658.0,112.1
2024-01-30,510500,中证500ETF,437700.0,537577.0,122.82
2024-01-30,588000,科创50ETF,414261.0,411794.0,99.4
2024-01-30,588080,科创板50ETF,182077.0,187026.0,102.72
2024-01-31,510050,上证50ETF,958313.0,1180093.0,123.14
2024-01-31,510300,沪深300ETF,768198.0,983318.0,128.0
2024-01-31,510500,中证500ETF,549951.0,782439.0,142.27
2024-01-31,588000,科创50ETF,499215.0,640485.0,128.3
2024-01-31,588080,科创板50ETF,247805.0,416850.0,168.22
2024-02-01,510050,上证50ETF,675560.0,802319.0,118.76
2024-02-01,510300,沪深300ETF,605529.0,663102.0,109.51
2024-02-01,510500,中证500ETF,517729.0,615043.0,118.8
2024-02-01,588000,科创50ETF,435722.0,356897.0,81.91
2024-02-01,588080,科创板50ETF,211734.0,214045.0,101.09
2024-02-02,510050,上证50ETF,1185169.0,1267557.0,106.95
2024-02-02,510300,沪深300ETF,976460.0,1117273.0,114.42
2024-02-02,510500,中证500ETF,790771.0,697695.0,88.23
2024-02-02,588000,科创50ETF,459018.0,435181.0,94.81
2024-02-02,588080,科创板50ETF,223198.0,229264.0,102.72
2024-02-05,510050,上证50ETF,953449.0,1059029.0,111.07
2024-02-05,510300,沪深300ETF,980824.0,1107088.0,112.87
2024-02-05,510500,中证500ETF,966018.0,827805.0,85.69
2024-02-05,588000,科创50ETF,518590.0,460216.0,88.74
2024-02-05,588080,科创板50ETF,211725.0,206992.0,97.76
2024-02-06,510050,上证50ETF,988050.0,896191.0,90.7
2024-02-06,510300,沪深300ETF,984610.0,817273.0,83.0
2024-02-06,510500,中证500ETF,976238.0,819423.0,83.94
2024-02-06,588000,科创50ETF,503370.0,311126.0,61.81
2024-02-06,588080,科创板50ETF,193916.0,141711.0,73.08
2024-02-07,510050,上证50ETF,1026369.0,853809.0,83.19
2024-02-07,510300,沪深300ETF,867920.0,732067.0,84.35
2024-02-07,510500,中证500ETF,1198611.0,859922.0,71.74
2024-02-07,588000,科创50ETF,495687.0,238314.0,48.08
2024-02-07,588080,科创板50ETF,194571.0,96921.0,49.81
2024-02-08,510050,上证50ETF,846213.0,666972.0,78.82
2024-02-08,510300,沪深300ETF,763494.0,585883.0,76.74
2024-02-08,510500,中证500ETF,1219167.0,840062.0,68.9
2024-02-08,588000,科创50ETF,584744.0,293233.0,50.15
2024-02-08,588080,科创板50ETF,265200.0,151724.0,57.21
2024-02-19,510050,上证50ETF,730052.0,682118.0,93.43
2024-02-19,510300,沪深300ETF,609788.0,566983.0,92.98
2024-02-19,510500,中证500ETF,604909.0,666489.0,110.18
2024-02-19,588000,科创50ETF,405427.0,228373.0,56.33
2024-02-19,588080,科创板50ETF,184580.0,115521.0,62.59
2024-02-20,510050,上证50ETF,523837.0,554827.0,105.92
2024-02-20,510300,沪深300ETF,517696.0,512263.0,98.95
2024-02-20,510500,中证500ETF,489552.0,667715.0,136.39
2024-02-20,588000,科创50ETF,285001.0,200683.0,70.41
2024-02-20,588080,科创板50ETF,152751.0,100406.0,65.73
2024-02-21,510050,上证50ETF,1909902.0,1386506.0,72.6
2024-02-21,510300,沪深300ETF,1316175.0,1040214.0,79.03
2024-02-21,510500,中证500ETF,876984.0,764633.0,87.19
2024-02-21,588000,科创50ETF,518168.0,324144.0,62.56
2024-02-21,588080,科创板50ETF,233583.0,134744.0,57.69
2024-02-22,510050,上证50ETF,937922.0,690060.0,73.57
2024-02-22,510300,沪深300ETF,569403.0,474731.0,83.37
2024-02-22,510500,中证500ETF,536768.0,524266.0,97.67
2024-02-22,588000,科创50ETF,329975.0,183357.0,55.57
2024-02-22,588080,科创板50ETF,126020.0,74178.0,58.86
2024-02-23,510050,上证50ETF,967460.0,669668.0,69.22
2024-02-23,510300,沪深300ETF,632253.0,509862.0,80.64
2024-02-23,510500,中证500ETF,509178.0,521367.0,102.39
2024-02-23,588000,科创50ETF,261273.0,157683.0,60.35
2024-02-23,588080,科创板50ETF,107468.0,61615.0,57.33
2024-02-26,510050,上证50ETF,1068625.0,931901.0,87.21
2024-02-26,510300,沪深300ETF,601120.0,542523.0,90.25
2024-02-26,510500,中证500ETF,621289.0,551426.0,88.76
2024-02-26,588000,科创50ETF,339311.0,217213.0,64.02
2024-02-26,588080,科创板50ETF,136411.0,82269.0,60.31
2024-02-27,510050,上证50ETF,888372.0,746784.0,84.06
2024-02-27,510300,沪深300ETF,617812.0,535068.0,86.61
2024-02-27,510500,中证500ETF,685707.0,560325.0,81.71
2024-02-27,588000,科创50ETF,584288.0,272635.0,46.66
2024-02-27,588080,科创板50ETF,251879.0,117479.0,46.64
2024-02-28,510050,上证50ETF,1150657.0,893947.0,77.69
2024-02-28,510300,沪深300ETF,849108.0,711675.0,83.81
2024-02-28,510500,中证500ETF,815989.0,716135.0,87.76
2024-02-28,588000,科创50ETF,619965.0,356389.0,57.49
2024-02-28,588080,科创板50ETF,290132.0,155870.0,53.72
2024-02-29,510050,上证50ETF,707368.0,567092.0,80.17
2024-02-29,510300,沪深300ETF,625582.0,548993.0,87.76
2024-02-29,510500,中证500ETF,651303.0,575925.0,88.43
2024-02-29,588000,科创50ETF,524228.0,345954.0,65.99
2024-02-29,588080,科创板50ETF,198999.0,118995.0,59.8
2024-03-01,510050,上证50ETF,542339.0,487406.0,89.87
2024-03-01,510300,沪深300ETF,625775.0,508823.0,81.31
2024-03-01,510500,中证500ETF,539870.0,425006.0,78.72
2024-03-01,588000,科创50ETF,532895.0,281129.0,52.76
2024-03-01,588080,科创板50ETF,204613.0,97449.0,47.63
2024-03-04,510050,上证50ETF,410333.0,346924.0,84.55
2024-03-04,510300,沪深300ETF,444622.0,358136.0,80.55
2024-03-04,510500,中证500ETF,367652.0,383356.0,104.27
2024-03-04,588000,科创50ETF,302575.0,206478.0,68.24
2024-03-04,588080,科创板50ETF,118537.0,71981.0,60.72
2024-03-05,510050,上证50ETF,690284.0,612204.0,88.69
2024-03-05,510300,沪深300ETF,562113.0,518773.0,92.29
2024-03-05,510500,中证500ETF,383828.0,433540.0,112.95
2024-03-05,588000,科创50ETF,311077.0,195059.0,62.7
2024-03-05,588080,科创板50ETF,125044.0,67215.0,53.75
2024-03-06,510050,上证50ETF,526940.0,480414.0,91.17
2024-03-06,510300,沪深300ETF,490117.0,431281.0,88.0
2024-03-06,510500,中证500ETF,404783.0,423063.0,104.52
2024-03-06,588000,科创50ETF,240788.0,229811.0,95.44
2024-03-06,588080,科创板50ETF,116112.0,82866.0,71.37
2024-03-07,510050,上证50ETF,584214.0,540691.0,92.55
2024-03-07,510300,沪深300ETF,507100.0,511286.0,100.83
2024-03-07,510500,中证500ETF,414608.0,459170.0,110.75
2024-03-07,588000,科创50ETF,323184.0,251691.0,77.88
2024-03-07,588080,科创板50ETF,111977.0,97013.0,86.64
2024-03-08,510050,上证50ETF,450033.0,449584.0,99.9
2024-03-08,510300,沪深300ETF,447408.0,486671.0,108.78
2024-03-08,510500,中证500ETF,418340.0,464670.0,111.07
2024-03-08,588000,科创50ETF,232813.0,203850.0,87.56
2024-03-08,588080,科创板50ETF,80650.0,72557.0,89.97
2024-03-11,510050,上证50ETF,608225.0,547913.0,90.08
2024-03-11,510300,沪深300ETF,572449.0,519321.0,90.72
2024-03-11,510500,中证500ETF,458884.0,503685.0,109.76
2024-03-11,588000,科创50ETF,350438.0,252048.0,71.92
2024-03-11,588080,科创板50ETF,119753.0,104032.0,86.87
2024-03-12,510050,上证50ETF,822167.0,674260.0,82.01
2024-03-12,510300,沪深300ETF,654440.0,537336.0,82.11
2024-03-12,510500,中证500ETF,494572.0,539638.0,109.11
2024-03-12,588000,科创50ETF,342372.0,243468.0,71.11
2024-03-12,588080,科创板50ETF,168084.0,93452.0,55.6
2024-03-13,510050,上证50ETF,650932.0,676574.0,103.94
2024-03-13,510300,沪深300ETF,475610.0,442926.0,93.13
2024-03-13,510500,中证500ETF,400131.0,436857.0,109.18
2024-03-13,588000,科创50ETF,292053.0,202787.0,69.43
2024-03-13,588080,科创板50ETF,208073.0,126935.0,61.01
2024-03-14,510050,上证50ETF,727928.0,701485.0,96.37
2024-03-14,510300,沪深300ETF,579966.0,605432.0,104.39
2024-03-14,510500,中证500ETF,461809.0,592124.0,128.22
2024-03-14,588000,科创50ETF,434882.0,349976.0,80.48
2024-03-14,588080,科创板50ETF,289762.0,206569.0,71.29
2024-03-15,510050,上证50ETF,631305.0,631474.0,100.03
2024-03-15,510300,沪深300ETF,590144.0,658364.0,111.56
2024-03-15,510500,中证500ETF,489687.0,531804.0,108.6
2024-03-15,588000,科创50ETF,274904.0,248572.0,90.42
2024-03-15,588080,科创板50ETF,245957.0,195526.0,79.5
2024-03-18,510050,上证50ETF,627508.0,561961.0,89.55
2024-03-18,510300,沪深300ETF,654270.0,589309.0,90.07
2024-03-18,510500,中证500ETF,550175.0,503004.0,91.43
2024-03-18,588000,科创50ETF,339192.0,231116.0,68.14
2024-03-18,588080,科创板50ETF,298352.0,181268.0,60.76
2024-03-19,510050,上证50ETF,651095.0,592811.0,91.05
2024-03-19,510300,沪深300ETF,558481.0,527423.0,94.44
2024-03-19,510500,中证500ETF,496066.0,479486.0,96.66
2024-03-19,588000,科创50ETF,355334.0,225521.0,63.47
2024-03-19,588080,科创板50ETF,391558.0,213112.0,54.43
2024-03-20,510050,上证50ETF,723543.0,631395.0,87.26
2024-03-20,510300,沪深300ETF,599122.0,481622.0,80.39
2024-03-20,510500,中证500ETF,462314.0,451606.0,97.68
2024-03-20,588000,科创50ETF,329442.0,246624.0,74.86
2024-03-20,588080,科创板50ETF,399757.0,319013.0,79.8
2024-03-21,510050,上证50ETF,688037.0,624778.0,90.81
2024-03-21,510300,沪深300ETF,595052.0,505403.0,84.93
2024-03-21,510500,中证500ETF,430665.0,438987.0,101.93
2024-03-21,588000,科创50ETF,341221.0,269739.0,79.05
2024-03-21,588080,科创板50ETF,208811.0,148270.0,71.01
2024-03-22,510050,上证50ETF,1090964.0,1222581.0,112.06
2024-03-22,510300,沪深300ETF,903967.0,996961.0,110.29
2024-03-22,510500,中证500ETF,620775.0,842268.0,135.68
2024-03-22,588000,科创50ETF,350405.0,337151.0,96.22
2024-03-22,588080,科创板50ETF,214011.0,198640.0,92.82
2024-03-25,510050,上证50ETF,669746.0,742428.0,110.85
2024-03-25,510300,沪深300ETF,605848.0,726416.0,119.9
2024-03-25,510500,中证500ETF,456864.0,634597.0,138.9
2024-03-25,588000,科创50ETF,302103.0,276883.0,91.65
2024-03-25,588080,科创板50ETF,160922.0,178813.0,111.12
2024-03-26,510050,上证50ETF,697565.0,695538.0,99.71
2024-03-26,510300,沪深300ETF,641601.0,711306.0,110.86
2024-03-26,510500,中证500ETF,530149.0,720176.0,135.84
2024-03-26,588000,科创50ETF,382399.0,417922.0,109.29
2024-03-26,588080,科创板50ETF,257527.0,222495.0,86.4
2024-03-27,510050,上证50ETF,748979.0,700287.0,93.5
2024-03-27,510300,沪深300ETF,666618.0,642453.0,96.37
2024-03-27,510500,中证500ETF,546838.0,741870.0,135.67
2024-03-27,588000,科创50ETF,331916.0,371705.0,111.99
2024-03-27,588080,科创板50ETF,132531.0,195209.0,147.29
2024-03-28,510050,上证50ETF,736212.0,769955.0,104.58
2024-03-28,510300,沪深300ETF,712890.0,683194.0,95.83
2024-03-28,510500,中证500ETF,606306.0,679223.0,112.03
2024-03-28,588000,科创50ETF,328297.0,272888.0,83.12
2024-03-28,588080,科创板50ETF,157689.0,155212.0,98.43
2024-03-29,510050,上证50ETF,441429.0,478211.0,108.33
2024-03-29,510300,沪深300ETF,402915.0,409752.0,101.7
2024-03-29,510500,中证500ETF,437565.0,505771.0,115.59
2024-03-29,588000,科创50ETF,277735.0,235382.0,84.75
2024-03-29,588080,科创板50ETF,114685.0,142739.0,124.46
2024-04-01,510050,上证50ETF,705451.0,608014.0,86.19
2024-04-01,510300,沪深300ETF,699062.0,584909.0,83.67
2024-04-01,510500,中证500ETF,526764.0,515779.0,97.91
2024-04-01,588000,科创50ETF,222706.0,198856.0,89.29
2024-04-01,588080,科创板50ETF,131448.0,108496.0,82.54
2024-04-02,510050,上证50ETF,474849.0,456521.0,96.14
2024-04-02,510300,沪深300ETF,394324.0,402970.0,102.19
2024-04-02,510500,中证500ETF,366786.0,442931.0,120.76
2024-04-02,588000,科创50ETF,200604.0,173632.0,86.55
2024-04-02,588080,科创板50ETF,104465.0,112351.0,107.55
2024-04-03,510050,上证50ETF,404731.0,421914.0,104.25
2024-04-03,510300,沪深300ETF,352414.0,366663.0,104.04
2024-04-03,510500,中证500ETF,319194.0,414084.0,129.73
2024-04-03,588000,科创50ETF,230512.0,236782.0,102.72
2024-04-03,588080,科创板50ETF,118120.0,138646.0,117.38
2024-04-08,510050,上证50ETF,611022.0,584707.0,95.69
2024-04-08,510300,沪深300ETF,544386.0,513315.0,94.29
2024-04-08,510500,中证500ETF,453273.0,553949.0,122.21
2024-04-08,588000,科创50ETF,276451.0,224850.0,81.33
2024-04-08,588080,科创板50ETF,127460.0,127996.0,100.42
2024-04-09,510050,上证50ETF,540746.0,483730.0,89.46
2024-04-09,510300,沪深300ETF,439005.0,396136.0,90.23
2024-04-09,510500,中证500ETF,359779.0,472788.0,131.41
2024-04-09,588000,科创50ETF,256222.0,243995.0,95.23
2024-04-09,588080,科创板50ETF,158227.0,158394.0,100.11
2024-04-10,510050,上证50ETF,652913.0,630132.0,96.51
2024-04-10,510300,沪深300ETF,605709.0,590782.0,97.54
2024-04-10,510500,中证500ETF,492732.0,622612.0,126.36
2024-04-10,588000,科创50ETF,288804.0,255090.0,88.33
2024-04-10,588080,科创板50ETF,149167.0,188804.0,126.57
2024-04-11,510050,上证50ETF,642358.0,550895.0,85.76
2024-04-11,510300,沪深300ETF,525097.0,520127.0,99.05
2024-04-11,510500,中证500ETF,549976.0,690842.0,125.61
2024-04-11,588000,科创50ETF,313595.0,271874.0,86.7
2024-04-11,588080,科创板50ETF,227565.0,228956.0,100.61
2024-04-12,510050,上证50ETF,630656.0,560062.0,88.81
2024-04-12,510300,沪深300ETF,535711.0,553804.0,103.38
2024-04-12,510500,中证500ETF,434631.0,507105.0,116.67
2024-04-12,588000,科创50ETF,234729.0,213372.0,90.9
2024-04-12,588080,科创板50ETF,194299.0,241444.0,124.26
2024-04-15,510050,上证50ETF,1139270.0,916457.0,80.44
2024-04-15,510300,沪深300ETF,957751.0,844470.0,88.17
2024-04-15,510500,中证500ETF,773908.0,873176.0,112.83
2024-04-15,588000,科创50ETF,386554.0,321736.0,83.23
2024-04-15,588080,科创板50ETF,274959.0,307177.0,111.72
2024-04-16,510050,上证50ETF,942824.0,918781.0,97.45
2024-04-16,510300,沪深300ETF,734337.0,813714.0,110.81
2024-04-16,510500,中证500ETF,752380.0,993750.0,132.08
2024-04-16,588000,科创50ETF,249475.0,267123.0,107.07
2024-04-16,588080,科创板50ETF,229536.0,376038.0,163.83
2024-04-17,510050,上证50ETF,810528.0,783524.0,96.67
2024-04-17,510300,沪深300ETF,753440.0,741868.0,98.46
2024-04-17,510500,中证500ETF,807172.0,895988.0,111.0
2024-04-17,588000,科创50ETF,279108.0,242177.0,86.77
2024-04-17,588080,科创板50ETF,230839.0,313916.0,135.99
2024-04-18,510050,上证50ETF,1267522.0,1007393.0,79.48
2024-04-18,510300,沪深300ETF,1036801.0,863709.0,83.31
2024-04-18,510500,中证500ETF,760602.0,849106.0,111.64
2024-04-18,588000,科创50ETF,364500.0,278086.0,76.29
2024-04-18,588080,科创板50ETF,334134.0,351209.0,105.11
2024-04-19,510050,上证50ETF,760309.0,792768.0,104.27
2024-04-19,510300,沪深300ETF,728477.0,796169.0,109.29
2024-04-19,510500,中证500ETF,561598.0,797717.0,142.04
2024-04-19,588000,科创50ETF,348067.0,331268.0,95.17
2024-04-19,588080,科创板50ETF,413297.0,475977.0,115.17
2024-04-22,510050,上证50ETF,710542.0,636973.0,89.65
2024-04-22,510300,沪深300ETF,585610.0,567134.0,96.84
2024-04-22,510500,中证500ETF,573757.0,667850.0,116.4
2024-04-22,588000,科创50ETF,307212.0,280137.0,91.19
2024-04-22,588080,科创板50ETF,167666.0,243098.0,144.99
2024-04-23,510050,上证50ETF,704940.0,635169.0,90.1
2024-04-23,510300,沪深300ETF,654028.0,677801.0,103.63
2024-04-23,510500,中证500ETF,561238.0,711706.0,126.81
2024-04-23,588000,科创50ETF,230341.0,203683.0,88.43
2024-04-23,588080,科创板50ETF,163500.0,205294.0,125.56
2024-04-24,510050,上证50ETF,684618.0,576144.0,84.16
2024-04-24,510300,沪深300ETF,586714.0,557682.0,95.05
2024-04-24,510500,中证500ETF,479981.0,530326.0,110.49
2024-04-24,588000,科创50ETF,229844.0,206318.0,89.76
2024-04-24,588080,科创板50ETF,199119.0,222571.0,111.78
2024-04-25,510050,上证50ETF,510474.0,463875.0,90.87
2024-04-25,510300,沪深300ETF,465270.0,405251.0,87.1
2024-04-25,510500,中证500ETF,418640.0,459166.0,109.68
2024-04-25,588000,科创50ETF,200157.0,171184.0,85.52
2024-04-25,588080,科创板50ETF,74446.0,90424.0,121.46
2024-04-26,510050,上证50ETF,849441.0,637335.0,75.03
2024-04-26,510300,沪深300ETF,696335.0,551318.0,79.17
2024-04-26,510500,中证500ETF,701266.0,595816.0,84.96
2024-04-26,588000,科创50ETF,329813.0,216824.0,65.74
2024-04-26,588080,科创板50ETF,149260.0,132598.0,88.84
2024-04-29,510050,上证50ETF,945519.0,646734.0,68.4
2024-04-29,510300,沪深300ETF,859746.0,610567.0,71.02
2024-04-29,510500,中证500ETF,788534.0,580706.0,73.64
2024-04-29,588000,科创50ETF,492672.0,303521.0,61.61
2024-04-29,588080,科创板50ETF,253550.0,144592.0,57.03
2024-04-30,510050,上证50ETF,584914.0,422311.0,72.2
2024-04-30,510300,沪深300ETF,448780.0,361862.0,80.63
2024-04-30,510500,中证500ETF,482662.0,408102.0,84.55
2024-04-30,588000,科创50ETF,262566.0,150149.0,57.19
2024-04-30,588080,科创板50ETF,166744.0,89864.0,53.89
2024-05-06,510050,上证50ETF,694833.0,568456.0,81.81
2024-05-06,510300,沪深300ETF,609968.0,488110.0,80.02
2024-05-06,510500,中证500ETF,497526.0,470590.0,94.59
2024-05-06,588000,科创50ETF,300023.0,164005.0,54.66
2024-05-06,588080,科创板50ETF,164982.0,95729.0,58.02
2024-05-07,510050,上证50ETF,375886.0,380643.0,101.27
2024-05-07,510300,沪深300ETF,330605.0,299468.0,90.58
2024-05-07,510500,中证500ETF,323285.0,316120.0,97.78
2024-05-07,588000,科创50ETF,164672.0,100826.0,61.23
2024-05-07,588080,科创板50ETF,120634.0,77497.0,64.24
2024-05-08,510050,上证50ETF,383577.0,383016.0,99.85
2024-05-08,510300,沪深300ETF,360315.0,340152.0,94.4
2024-05-08,510500,中证500ETF,366509.0,384909.0,105.02
2024-05-08,588000,科创50ETF,182845.0,104546.0,57.18
2024-05-08,588080,科创板50ETF,126312.0,130868.0,103.61
2024-05-09,510050,上证50ETF,528789.0,507345.0,95.94
2024-05-09,510300,沪深300ETF,506655.0,462759.0,91.34
2024-05-09,510500,中证500ETF,610580.0,469041.0,76.82
2024-05-09,588000,科创50ETF,284943.0,153451.0,53.85
2024-05-09,588080,科创板50ETF,200577.0,166889.0,83.2
2024-05-10,510050,上证50ETF,628630.0,563701.0,89.67
2024-05-10,510300,沪深300ETF,532045.0,456854.0,85.87
2024-05-10,510500,中证500ETF,515437.0,514672.0,99.85
2024-05-10,588000,科创50ETF,255420.0,148637.0,58.19
2024-05-10,588080,科创板50ETF,262099.0,227729.0,86.89
2024-05-13,510050,上证50ETF,599486.0,549864.0,91.72
2024-05-13,510300,沪深300ETF,500595.0,461418.0,92.17
2024-05-13,510500,中证500ETF,513675.0,564106.0,109.82
2024-05-13,588000,科创50ETF,227950.0,149625.0,65.64
2024-05-13,588080,科创板50ETF,148309.0,178233.0,120.18
2024-05-14,510050,上证50ETF,439819.0,437856.0,99.55
2024-05-14,510300,沪深300ETF,434968.0,356074.0,81.86
2024-05-14,510500,中证500ETF,450331.0,411722.0,91.43
2024-05-14,588000,科创50ETF,189140.0,128169.0,67.76
2024-05-14,588080,科创板50ETF,156775.0,152907.0,97.53
2024-05-15,510050,上证50ETF,601979.0,593449.0,98.58
2024-05-15,510300,沪深300ETF,481098.0,442783.0,92.04
2024-05-15,510500,中证500ETF,466799.0,536376.0,114.91
2024-05-15,588000,科创50ETF,216877.0,148894.0,68.65
2024-05-15,588080,科创板50ETF,210151.0,154280.0,73.41
2024-05-16,510050,上证50ETF,578151.0,565098.0,97.74
2024-05-16,510300,沪深300ETF,553478.0,511555.0,92.43
2024-05-16,510500,中证500ETF,576243.0,579999.0,100.65
2024-05-16,588000,科创50ETF,221720.0,162337.0,73.22
2024-05-16,588080,科创板50ETF,234032.0,156322.0,66.8
2024-05-17,510050,上证50ETF,786341.0,694181.0,88.28
2024-05-17,510300,沪深300ETF,656278.0,583704.0,88.94
2024-05-17,510500,XD中证500ETF,676956.0,754271.0,111.42
2024-05-17,588000,科创50ETF,252775.0,177353.0,70.16
2024-05-17,588080,科创板50ETF,291871.0,212592.0,72.84
2024-05-20,510050,上证50ETF,848544.0,680895.0,80.24
2024-05-20,510300,沪深300ETF,775247.0,589049.0,75.98
2024-05-20,510500,中证500ETF,782041.0,674908.0,86.3
2024-05-20,588000,科创50ETF,274438.0,177439.0,64.66
2024-05-20,588080,科创板50ETF,308124.0,222484.0,72.21
2024-05-21,510050,上证50ETF,480300.0,444813.0,92.61
2024-05-21,510300,沪深300ETF,442804.0,386600.0,87.31
2024-05-21,510500,中证500ETF,523822.0,533577.0,101.86
2024-05-21,588000,科创50ETF,173170.0,112007.0,64.68
2024-05-21,588080,科创板50ETF,121027.0,92907.0,76.77
2024-05-22,510050,上证50ETF,554642.0,470906.0,84.9
2024-05-22,510300,沪深300ETF,509888.0,408813.0,80.18
2024-05-22,510500,中证500ETF,499099.0,536767.0,107.55
2024-05-22,588000,科创50ETF,263422.0,187282.0,71.1
2024-05-22,588080,科创板50ETF,174734.0,128029.0,73.27
2024-05-23,510050,上证50ETF,536932.0,513995.0,95.73
2024-05-23,510300,沪深300ETF,464032.0,496611.0,107.02
2024-05-23,510500,中证500ETF,477305.0,619504.0,129.79
2024-05-23,588000,科创50ETF,256833.0,184993.0,72.03
2024-05-23,588080,科创板50ETF,179762.0,142927.0,79.51
2024-05-24,510050,上证50ETF,555088.0,541230.0,97.5
2024-05-24,510300,沪深300ETF,465285.0,474184.0,101.91
2024-05-24,510500,中证500ETF,471141.0,617127.0,130.99
2024-05-24,588000,科创50ETF,273514.0,214095.0,78.28
2024-05-24,588080,科创板50ETF,181615.0,151887.0,83.63
2024-05-27,510050,上证50ETF,446664.0,455287.0,101.93
2024-05-27,510300,沪深300ETF,413083.0,408490.0,98.89
2024-05-27,510500,中证500ETF,525351.0,590741.0,112.45
2024-05-27,588000,科创50ETF,338519.0,250705.0,74.06
2024-05-27,588080,科创板50ETF,197552.0,182440.0,92.35
2024-05-28,510050,上证50ETF,350910.0,382770.0,109.08
2024-05-28,510300,沪深300ETF,347650.0,345670.0,99.43
2024-05-28,510500,中证500ETF,431872.0,511259.0,118.38
2024-05-28,588000,科创50ETF,261717.0,176092.0,67.28
2024-05-28,588080,科创板50ETF,158350.0,128261.0,81.0
2024-05-29,510050,上证50ETF,432644.0,413291.0,95.53
2024-05-29,510300,沪深300ETF,396816.0,354321.0,89.29
2024-05-29,510500,中证500ETF,445699.0,532695.0,119.52
2024-05-29,588000,科创50ETF,201611.0,146285.0,72.56
2024-05-29,588080,科创板50ETF,142805.0,118388.0,82.9
2024-05-30,510050,上证50ETF,550414.0,604656.0,109.85
2024-05-30,510300,沪深300ETF,437087.0,447472.0,102.38
2024-05-30,510500,中证500ETF,471779.0,554570.0,117.55
2024-05-30,588000,科创50ETF,234403.0,185131.0,78.98
2024-05-30,588080,科创板50ETF,177412.0,144141.0,81.25
2024-05-31,510050,上证50ETF,438056.0,438669.0,100.14
2024-05-31,510300,沪深300ETF,373248.0,372472.0,99.79
2024-05-31,510500,中证500ETF,453961.0,445320.0,98.1
2024-05-31,588000,科创50ETF,196043.0,148770.0,75.89
2024-05-31,588080,科创板50ETF,102846.0,80380.0,78.16
2024-06-03,510050,上证50ETF,537284.0,516930.0,96.21
2024-06-03,510300,沪深300ETF,496169.0,496217.0,100.01
2024-06-03,510500,中证500ETF,624161.0,734240.0,117.64
2024-06-03,588000,科创50ETF,261955.0,194604.0,74.29
2024-06-03,588080,科创板50ETF,172398.0,131826.0,76.47
2024-06-04,510050,上证50ETF,528319.0,446812.0,84.57
2024-06-04,510300,沪深300ETF,483775.0,430035.0,88.89
2024-06-04,510500,中证500ETF,639046.0,662123.0,103.61
2024-06-04,588000,科创50ETF,168675.0,126645.0,75.08
2024-06-04,588080,科创板50ETF,117468.0,94926.0,80.81
2024-06-05,510050,上证50ETF,365489.0,355580.0,97.29
2024-06-05,510300,沪深300ETF,354394.0,322951.0,91.13
2024-06-05,510500,中证500ETF,448402.0,475012.0,105.93
2024-06-05,588000,科创50ETF,237704.0,164472.0,69.19
2024-06-05,588080,科创板50ETF,149427.0,100894.0,67.52
2024-06-06,510050,上证50ETF,617788.0,607062.0,98.26
2024-06-06,510300,沪深300ETF,590072.0,552968.0,93.71
2024-06-06,510500,中证500ETF,766428.0,996611.0,130.03
2024-06-06,588000,科创50ETF,288853.0,216170.0,74.84
2024-06-06,588080,科创板50ETF,196832.0,170357.0,86.55
2024-06-07,510050,上证50ETF,579451.0,598036.0,103.21
2024-06-07,510300,沪深300ETF,578133.0,616980.0,106.72
2024-06-07,510500,中证500ETF,677974.0,808793.0,119.3
2024-06-07,588000,科创50ETF,278991.0,244889.0,87.78
2024-06-07,588080,科创板50ETF,179037.0,197156.0,110.12
2024-06-11,510050,上证50ETF,725978.0,663517.0,91.4
2024-06-11,510300,沪深300ETF,507646.0,457002.0,90.02
2024-06-11,510500,中证500ETF,584407.0,606742.0,103.82
2024-06-11,588000,科创50ETF,288264.0,211405.0,73.34
2024-06-11,588080,科创板50ETF,164686.0,163506.0,99.28
2024-06-12,510050,上证50ETF,485428.0,389178.0,80.17
2024-06-12,510300,沪深300ETF,383970.0,302955.0,78.9
2024-06-12,510500,中证500ETF,463220.0,424002.0,91.53
2024-06-12,588000,科创50ETF,188718.0,120923.0,64.08
2024-06-12,588080,科创板50ETF,139102.0,124520.0,89.52
2024-06-13,510050,上证50ETF,607466.0,476591.0,78.46
2024-06-13,510300,沪深300ETF,465018.0,377328.0,81.14
2024-06-13,510500,中证500ETF,501478.0,523961.0,104.48
2024-06-13,588000,科创50ETF,331258.0,214284.0,64.69
2024-06-13,588080,科创板50ETF,183011.0,123692.0,67.59
2024-06-14,510050,上证50ETF,804030.0,664854.0,82.69
2024-06-14,510300,沪深300ETF,601789.0,534025.0,88.74
2024-06-14,510500,中证500ETF,616745.0,623239.0,101.05
2024-06-14,588000,科创50ETF,205741.0,171325.0,83.27
2024-06-14,588080,科创板50ETF,135595.0,122688.0,90.48
2024-06-17,510050,上证50ETF,481462.0,414232.0,86.04
2024-06-17,510300,沪深300ETF,349968.0,307358.0,87.82
2024-06-17,510500,中证500ETF,375620.0,404354.0,107.65
2024-06-17,588000,科创50ETF,213590.0,152529.0,71.41
2024-06-17,588080,科创板50ETF,116933.0,114136.0,97.61
2024-06-18,510050,上证50ETF,510842.0,400907.0,78.48
2024-06-18,510300,沪深300ETF,420671.0,349682.0,83.12
2024-06-18,510500,中证500ETF,465628.0,407909.0,87.6
2024-06-18,588000,科创50ETF,231776.0,146846.0,63.36
2024-06-18,588080,科创板50ETF,155326.0,127077.0,81.81
2024-06-19,510050,上证50ETF,514973.0,396897.0,77.07
2024-06-19,510300,沪深300ETF,444647.0,389924.0,87.69
2024-06-19,510500,中证500ETF,554389.0,563612.0,101.66
2024-06-19,588000,科创50ETF,258695.0,187644.0,72.53
2024-06-19,588080,科创板50ETF,244550.0,287405.0,117.52
2024-06-20,510050,上证50ETF,581481.0,496123.0,85.32
2024-06-20,510300,沪深300ETF,545215.0,553972.0,101.61
2024-06-20,510500,中证500ETF,738781.0,795830.0,107.72
2024-06-20,588000,科创50ETF,413749.0,306981.0,74.19
2024-06-20,588080,科创板50ETF,311313.0,286835.0,92.14
2024-06-21,510050,上证50ETF,810932.0,777104.0,95.83
2024-06-21,510300,沪深300ETF,712390.0,621678.0,87.27
2024-06-21,510500,中证500ETF,630084.0,629484.0,99.9
2024-06-21,588000,科创50ETF,294212.0,238205.0,80.96
2024-06-21,588080,科创板50ETF,147812.0,133632.0,90.41
2024-06-24,510050,上证50ETF,799625.0,760010.0,95.05
2024-06-24,510300,沪深300ETF,714149.0,619607.0,86.76
2024-06-24,510500,中证500ETF,787855.0,1045664.0,132.72
2024-06-24,588000,科创50ETF,416179.0,286787.0,68.91
2024-06-24,588080,科创板50ETF,192854.0,153490.0,79.59
2024-06-25,510050,上证50ETF,700727.0,724711.0,103.42
2024-06-25,510300,沪深300ETF,705295.0,650904.0,92.29
2024-06-25,510500,中证500ETF,767477.0,1116009.0,145.41
2024-06-25,588000,科创50ETF,401424.0,355237.0,88.49
2024-06-25,588080,科创板50ETF,221761.0,234075.0,105.55
2024-06-26,510050,上证50ETF,695685.0,629626.0,90.5
2024-06-26,510300,沪深300ETF,653348.0,548355.0,83.93
2024-06-26,510500,中证500ETF,845348.0,927724.0,109.74
2024-06-26,588000,科创50ETF,339390.0,268467.0,79.1
2024-06-26,588080,科创板50ETF,150244.0,169021.0,112.5
2024-06-27,510050,上证50ETF,542892.0,464853.0,85.63
2024-06-27,510300,沪深300ETF,444603.0,416056.0,93.58
2024-06-27,510500,中证500ETF,633567.0,719060.0,113.49
2024-06-27,588000,科创50ETF,235282.0,157355.0,66.88
2024-06-27,588080,科创板50ETF,134648.0,125060.0,92.88
2024-06-28,510050,上证50ETF,560465.0,515790.0,92.03
2024-06-28,510300,沪深300ETF,541133.0,487356.0,90.06
2024-06-28,510500,中证500ETF,753713.0,804231.0,106.7
2024-06-28,588000,科创50ETF,226153.0,147098.0,65.04
2024-06-28,588080,科创板50ETF,115007.0,104048.0,90.47
2024-07-01,510050,上证50ETF,496958.0,446231.0,89.79
2024-07-01,510300,沪深300ETF,441929.0,397365.0,89.92
2024-07-01,510500,中证500ETF,601583.0,738301.0,122.73
2024-07-01,588000,科创50ETF,267893.0,203463.0,75.95
2024-07-01,588080,科创板50ETF,134148.0,104166.0,77.65
2024-07-02,510050,上证50ETF,489625.0,434161.0,88.67
2024-07-02,510300,沪深300ETF,355606.0,320864.0,90.23
2024-07-02,510500,中证500ETF,478497.0,582716.0,121.78
2024-07-02,588000,科创50ETF,186536.0,144282.0,77.35
2024-07-02,588080,科创板50ETF,110773.0,110513.0,99.77
2024-07-03,510050,上证50ETF,335203.0,328958.0,98.14
2024-07-03,510300,沪深300ETF,356669.0,351350.0,98.51
2024-07-03,510500,中证500ETF,454623.0,671461.0,147.7
2024-07-03,588000,科创50ETF,274154.0,175850.0,64.14
2024-07-03,588080,科创板50ETF,139610.0,116433.0,83.4
2024-07-04,510050,上证50ETF,430447.0,444496.0,103.26
2024-07-04,510300,沪深300ETF,440481.0,425069.0,96.5
2024-07-04,510500,中证500ETF,613281.0,859639.0,140.17
2024-07-04,588000,科创50ETF,229007.0,164541.0,71.85
2024-07-04,588080,科创板50ETF,98887.0,74848.0,75.69
2024-07-05,510050,上证50ETF,782432.0,923137.0,117.98
2024-07-05,510300,沪深300ETF,644137.0,694874.0,107.88
2024-07-05,510500,中证500ETF,689286.0,885474.0,128.46
2024-07-05,588000,科创50ETF,281428.0,229367.0,81.5
2024-07-05,588080,科创板50ETF,127161.0,116771.0,91.83
2024-07-08,510050,上证50ETF,371475.0,454570.0,122.37
2024-07-08,510300,沪深300ETF,368262.0,417358.0,113.33
2024-07-08,510500,中证500ETF,572231.0,754423.0,131.84
2024-07-08,588000,科创50ETF,248392.0,157981.0,63.6
2024-07-08,588080,科创板50ETF,97144.0,82521.0,84.95
2024-07-09,510050,上证50ETF,721206.0,769407.0,106.68
2024-07-09,510300,沪深300ETF,665971.0,599889.0,90.08
2024-07-09,510500,中证500ETF,1008376.0,1096070.0,108.7
2024-07-09,588000,科创50ETF,335295.0,242024.0,72.18
2024-07-09,588080,科创板50ETF,142121.0,111052.0,78.14
2024-07-10,510050,上证50ETF,338295.0,320382.0,94.7
2024-07-10,510300,沪深300ETF,343365.0,318228.0,92.68
2024-07-10,510500,中证500ETF,612575.0,682778.0,111.46
2024-07-10,588000,科创50ETF,211471.0,135730.0,64.18
2024-07-10,588080,科创板50ETF,89266.0,73297.0,82.11
2024-07-11,510050,上证50ETF,604029.0,514483.0,85.18
2024-07-11,510300,沪深300ETF,636224.0,536617.0,84.34
2024-07-11,510500,中证500ETF,872474.0,889333.0,101.93
2024-07-11,588000,科创50ETF,351494.0,238097.0,67.74
2024-07-11,588080,科创板50ETF,152914.0,108202.0,70.76
2024-07-12,510050,上证50ETF,559254.0,467889.0,83.66
2024-07-12,510300,沪深300ETF,451787.0,331981.0,73.48
2024-07-12,510500,中证500ETF,500306.0,573523.0,114.63
2024-07-12,588000,科创50ETF,213017.0,157242.0,73.82
2024-07-12,588080,科创板50ETF,98180.0,83068.0,84.61
2024-07-15,510050,上证50ETF,455663.0,419964.0,92.17
2024-07-15,510300,沪深300ETF,361192.0,301791.0,83.55
2024-07-15,510500,中证500ETF,550179.0,606632.0,110.26
2024-07-15,588000,科创50ETF,166234.0,95521.0,57.46
2024-07-15,588080,科创板50ETF,88850.0,87381.0,98.35
2024-07-16,510050,上证50ETF,481782.0,447706.0,92.93
2024-07-16,510300,沪深300ETF,521636.0,457173.0,87.64
2024-07-16,510500,中证500ETF,628372.0,674841.0,107.4
2024-07-16,588000,科创50ETF,365757.0,261248.0,71.43
2024-07-16,588080,科创板50ETF,189983.0,154539.0,81.34
2024-07-17,510050,上证50ETF,603858.0,543246.0,89.96
2024-07-17,510300,沪深300ETF,562169.0,471406.0,83.85
2024-07-17,510500,中证500ETF,637983.0,654281.0,102.55
2024-07-17,588000,科创50ETF,259441.0,165921.0,63.95
2024-07-17,588080,科创板50ETF,142192.0,127615.0,89.75
2024-07-18,510050,上证50ETF,672089.0,591840.0,88.06
2024-07-18,510300,沪深300ETF,659575.0,543246.0,82.36
2024-07-18,510500,中证500ETF,963577.0,1023875.0,106.26
2024-07-18,588000,科创50ETF,372030.0,292029.0,78.5
2024-07-18,588080,科创板50ETF,224135.0,247024.0,110.21
2024-07-19,510050,上证50ETF,1001433.0,829797.0,82.86
2024-07-19,510300,沪深300ETF,788381.0,620745.0,78.74
2024-07-19,510500,中证500ETF,846616.0,862698.0,101.9
2024-07-19,588000,科创50ETF,498167.0,339563.0,68.16
2024-07-19,588080,科创板50ETF,379379.0,306334.0,80.75
2024-07-22,510050,上证50ETF,746353.0,661477.0,88.63
2024-07-22,510300,沪深300ETF,580811.0,511432.0,88.05
2024-07-22,510500,中证500ETF,683033.0,665596.0,97.45
2024-07-22,588000,科创50ETF,307957.0,212613.0,69.04
2024-07-22,588080,科创板50ETF,160218.0,118257.0,73.81
2024-07-23,510050,上证50ETF,610948.0,623819.0,102.11
2024-07-23,510300,沪深300ETF,621157.0,543255.0,87.46
2024-07-23,510500,中证500ETF,898925.0,976580.0,108.64
2024-07-23,588000,科创50ETF,336859.0,272524.0,80.9
2024-07-23,588080,科创板50ETF,149344.0,168041.0,112.52
2024-07-24,510050,上证50ETF,785983.0,799515.0,101.72
2024-07-24,510300,沪深300ETF,775977.0,769335.0,99.14
2024-07-24,510500,中证500ETF,913554.0,1027500.0,112.47
2024-07-24,588000,科创50ETF,356624.0,350200.0,98.2
2024-07-24,588080,科创板50ETF,144263.0,151583.0,105.07
2024-07-25,510050,上证50ETF,658873.0,724945.0,110.03
2024-07-25,510300,沪深300ETF,541557.0,506420.0,93.51
2024-07-25,510500,中证500ETF,654410.0,674703.0,103.1
2024-07-25,588000,科创50ETF,252720.0,211240.0,83.59
2024-07-25,588080,科创板50ETF,104689.0,98201.0,93.8
2024-07-26,510050,上证50ETF,558717.0,525495.0,94.05
2024-07-26,510300,沪深300ETF,483275.0,428508.0,88.67
2024-07-26,510500,中证500ETF,738237.0,728289.0,98.65
2024-07-26,588000,科创50ETF,206949.0,158688.0,76.68
2024-07-26,588080,科创板50ETF,93788.0,79492.0,84.76
2024-07-29,510050,上证50ETF,314639.0,275443.0,87.54
2024-07-29,510300,沪深300ETF,293063.0,246884.0,84.24
2024-07-29,510500,中证500ETF,442660.0,411649.0,92.99
2024-07-29,588000,科创50ETF,162619.0,134231.0,82.54
2024-07-29,588080,科创板50ETF,80292.0,75334.0,93.83
2024-07-30,510050,上证50ETF,579880.0,516110.0,89.0
2024-07-30,510300,沪深300ETF,481474.0,440271.0,91.44
2024-07-30,510500,中证500ETF,635670.0,604200.0,95.05
2024-07-30,588000,科创50ETF,194849.0,174249.0,89.43
2024-07-30,588080,科创板50ETF,94349.0,88762.0,94.08
2024-07-31,510050,上证50ETF,793224.0,633073.0,79.81
2024-07-31,510300,沪深300ETF,775179.0,589305.0,76.02
2024-07-31,510500,中证500ETF,1224614.0,966180.0,78.9
2024-07-31,588000,科创50ETF,444418.0,316508.0,71.22
2024-07-31,588080,科创板50ETF,215610.0,146132.0,67.78
2024-08-01,510050,上证50ETF,391383.0,321837.0,82.23
2024-08-01,510300,沪深300ETF,422125.0,341096.0,80.8
2024-08-01,510500,中证500ETF,820304.0,635716.0,77.5
2024-08-01,588000,科创50ETF,301030.0,177907.0,59.1
2024-08-01,588080,科创板50ETF,135964.0,82817.0,60.91
2024-08-02,510050,上证50ETF,482277.0,462557.0,95.91
2024-08-02,510300,沪深300ETF,497156.0,523833.0,105.37
2024-08-02,510500,中证500ETF,759559.0,754741.0,99.37
2024-08-02,588000,科创50ETF,266391.0,227910.0,85.55
2024-08-02,588080,科创板50ETF,114180.0,80104.0,70.16
2024-08-05,510050,上证50ETF,729799.0,828167.0,113.48
2024-08-05,510300,沪深300ETF,709765.0,801065.0,112.86
2024-08-05,510500,中证500ETF,1068680.0,1183287.0,110.72
2024-08-05,588000,科创50ETF,361364.0,402501.0,111.38
2024-08-05,588080,科创板50ETF,162802.0,158806.0,97.55
2024-08-06,510050,上证50ETF,830440.0,776346.0,93.49
2024-08-06,510300,沪深300ETF,621052.0,600801.0,96.74
2024-08-06,510500,中证500ETF,782984.0,841984.0,107.54
2024-08-06,588000,科创50ETF,242351.0,232727.0,96.03
2024-08-06,588080,科创板50ETF,107740.0,107418.0,99.7
2024-08-07,510050,上证50ETF,524654.0,475614.0,90.65
2024-08-07,510300,沪深300ETF,492455.0,434282.0,88.19
2024-08-07,510500,中证500ETF,659019.0,656786.0,99.66
2024-08-07,588000,科创50ETF,165016.0,137109.0,83.09
2024-08-07,588080,科创板50ETF,86368.0,70760.0,81.93
2024-08-08,510050,上证50ETF,528533.0,497716.0,94.17
2024-08-08,510300,沪深300ETF,563135.0,520627.0,92.45
2024-08-08,510500,中证500ETF,840897.0,862417.0,102.56
2024-08-08,588000,科创50ETF,260733.0,198310.0,76.06
2024-08-08,588080,科创板50ETF,116028.0,97707.0,84.21
2024-08-09,510050,上证50ETF,444401.0,375004.0,84.38
2024-08-09,510300,沪深300ETF,429723.0,333056.0,77.5
2024-08-09,510500,中证500ETF,688198.0,676963.0,98.37
2024-08-09,588000,科创50ETF,193320.0,132245.0,68.41
2024-08-09,588080,科创板50ETF,87840.0,60275.0,68.62
2024-08-12,510050,上证50ETF,341268.0,304549.0,89.24
2024-08-12,510300,沪深300ETF,317283.0,288441.0,90.91
2024-08-12,510500,中证500ETF,528350.0,596934.0,112.98
2024-08-12,588000,科创50ETF,142928.0,108707.0,76.06
2024-08-12,588080,科创板50ETF,67979.0,63241.0,93.03
2024-08-13,510050,上证50ETF,412431.0,327667.0,79.45
2024-08-13,510300,沪深300ETF,401689.0,334710.0,83.33
2024-08-13,510500,中证500ETF,599928.0,581151.0,96.87
2024-08-13,588000,科创50ETF,139990.0,104628.0,74.74
2024-08-13,588080,科创板50ETF,60610.0,49789.0,82.15
2024-08-14,510050,上证50ETF,328223.0,304912.0,92.9
2024-08-14,510300,沪深300ETF,343480.0,306852.0,89.34
2024-08-14,510500,中证500ETF,621213.0,612424.0,98.59
2024-08-14,588000,科创50ETF,135887.0,106504.0,78.38
2024-08-14,588080,科创板50ETF,59070.0,48151.0,81.52
2024-08-15,510050,上证50ETF,859877.0,703108.0,81.77
2024-08-15,510300,沪深300ETF,757587.0,641308.0,84.65
2024-08-15,510500,中证500ETF,1068557.0,941435.0,88.1
2024-08-15,588000,科创50ETF,282699.0,195003.0,68.98
2024-08-15,588080,科创板50ETF,119434.0,90159.0,75.49
2024-08-16,510050,上证50ETF,508080.0,419701.0,82.61
2024-08-16,510300,沪深300ETF,502894.0,405374.0,80.61
2024-08-16,510500,中证500ETF,607637.0,619115.0,101.89
2024-08-16,588000,科创50ETF,193469.0,141684.0,73.23
2024-08-16,588080,科创板50ETF,91302.0,72405.0,79.3
2024-08-19,510050,上证50ETF,532560.0,458270.0,86.05
2024-08-19,510300,沪深300ETF,524966.0,405870.0,77.31
2024-08-19,510500,中证500ETF,670588.0,658396.0,98.18
2024-08-19,588000,科创50ETF,295191.0,227864.0,77.19
2024-08-19,588080,科创板50ETF,169593.0,132680.0,78.23
2024-08-20,510050,上证50ETF,552336.0,485945.0,87.98
2024-08-20,510300,沪深300ETF,681679.0,541565.0,79.45
2024-08-20,510500,中证500ETF,992779.0,959620.0,96.66
2024-08-20,588000,科创50ETF,279045.0,194135.0,69.57
2024-08-20,588080,科创板50ETF,134048.0,141933.0,105.88
2024-08-21,510050,上证50ETF,471962.0,455828.0,96.58
2024-08-21,510300,沪深300ETF,412119.0,332503.0,80.68
2024-08-21,510500,中证500ETF,535068.0,556769.0,104.06
2024-08-21,588000,科创50ETF,154915.0,111410.0,71.92
2024-08-21,588080,科创板50ETF,71360.0,62105.0,87.03
2024-08-22,510050,上证50ETF,443102.0,432709.0,97.65
2024-08-22,510300,沪深300ETF,440181.0,368047.0,83.61
2024-08-22,510500,中证500ETF,867392.0,855868.0,98.67
2024-08-22,588000,科创50ETF,185018.0,127355.0,68.83
2024-08-22,588080,科创板50ETF,86470.0,71648.0,82.86
2024-08-23,510050,上证50ETF,553867.0,518701.0,93.65
2024-08-23,510300,沪深300ETF,510370.0,390797.0,76.57
2024-08-23,510500,中证500ETF,737510.0,715565.0,97.02
2024-08-23,588000,科创50ETF,260894.0,222026.0,85.1
2024-08-23,588080,科创板50ETF,146394.0,154022.0,105.21
2024-08-26,510050,上证50ETF,461479.0,403253.0,87.38
2024-08-26,510300,沪深300ETF,405010.0,367826.0,90.82
2024-08-26,510500,中证500ETF,658635.0,564787.0,85.75
2024-08-26,588000,科创50ETF,167068.0,134741.0,80.65
2024-08-26,588080,科创板50ETF,98434.0,77971.0,79.21
2024-08-27,510050,上证50ETF,382643.0,319324.0,83.45
2024-08-27,510300,沪深300ETF,379107.0,307085.0,81.0
2024-08-27,510500,中证500ETF,635647.0,622154.0,97.88
2024-08-27,588000,科创50ETF,187541.0,136377.0,72.72
2024-08-27,588080,科创板50ETF,111543.0,98784.0,88.56
2024-08-28,510050,上证50ETF,577709.0,599290.0,103.74
2024-08-28,510300,沪深300ETF,469708.0,433293.0,92.25
2024-08-28,510500,中证500ETF,706125.0,582614.0,82.51
2024-08-28,588000,科创50ETF,197633.0,135583.0,68.6
2024-08-28,588080,科创板50ETF,93630.0,90002.0,96.13
2024-08-29,510050,上证50ETF,427225.0,404327.0,94.64
2024-08-29,510300,沪深300ETF,388735.0,288664.0,74.26
2024-08-29,510500,中证500ETF,865462.0,576285.0,66.59
2024-08-29,588000,科创50ETF,235630.0,146038.0,61.98
2024-08-29,588080,科创板50ETF,132646.0,101630.0,76.62
2024-08-30,510050,上证50ETF,782662.0,664351.0,84.88
2024-08-30,510300,沪深300ETF,860762.0,582515.0,67.67
2024-08-30,510500,中证500ETF,1361159.0,896423.0,65.86
2024-08-30,588000,科创50ETF,352480.0,208843.0,59.25
2024-08-30,588080,科创板50ETF,163330.0,105831.0,64.8
2024-09-02,510050,上证50ETF,620415.0,496807.0,80.08
2024-09-02,510300,沪深300ETF,541015.0,450403.0,83.25
2024-09-02,510500,中证500ETF,732921.0,659004.0,89.91
2024-09-02,588000,科创50ETF,271484.0,182207.0,67.12
2024-09-02,588080,科创板50ETF,118248.0,107887.0,91.24
2024-09-03,510050,上证50ETF,528702.0,413539.0,78.22
2024-09-03,510300,沪深300ETF,421093.0,364228.0,86.5
2024-09-03,510500,中证500ETF,730546.0,583324.0,79.85
2024-09-03,588000,科创50ETF,217066.0,147589.0,67.99
2024-09-03,588080,科创板50ETF,106975.0,80793.0,75.53
2024-09-04,510050,上证50ETF,564013.0,464790.0,82.41
2024-09-04,510300,沪深300ETF,419700.0,387020.0,92.21
2024-09-04,510500,中证500ETF,780967.0,627682.0,80.37
2024-09-04,588000,科创50ETF,178723.0,139484.0,78.04
2024-09-04,588080,科创板50ETF,108222.0,86853.0,80.25
2024-09-05,510050,上证50ETF,431749.0,365745.0,84.71
2024-09-05,510300,沪深300ETF,342825.0,290179.0,84.64
2024-09-05,510500,中证500ETF,657165.0,536430.0,81.63
2024-09-05,588000,科创50ETF,136182.0,91824.0,67.43
2024-09-05,588080,科创板50ETF,90567.0,70393.0,77.72
2024-09-06,510050,上证50ETF,524022.0,385602.0,73.59
2024-09-06,510300,沪深300ETF,469912.0,362819.0,77.21
2024-09-06,510500,中证500ETF,769742.0,656115.0,85.24
2024-09-06,588000,科创50ETF,169710.0,102881.0,60.62
2024-09-06,588080,科创板50ETF,83177.0,68136.0,81.92
2024-09-09,510050,上证50ETF,791020.0,660398.0,83.49
2024-09-09,510300,沪深300ETF,635378.0,557803.0,87.79
2024-09-09,510500,中证500ETF,750071.0,736135.0,98.14
2024-09-09,588000,科创50ETF,204526.0,159149.0,77.81
2024-09-09,588080,科创板50ETF,124834.0,101363.0,81.2
2024-09-10,510050,上证50ETF,540364.0,539465.0,99.83
2024-09-10,510300,沪深300ETF,549451.0,520304.0,94.7
2024-09-10,510500,中证500ETF,1116776.0,941925.0,84.34
2024-09-10,588000,科创50ETF,223228.0,183662.0,82.28
2024-09-10,588080,科创板50ETF,112396.0,119786.0,106.57
2024-09-11,510050,上证50ETF,539132.0,417243.0,77.39
2024-09-11,510300,沪深300ETF,407381.0,379911.0,93.26
2024-09-11,510500,中证500ETF,753531.0,639380.0,84.85
2024-09-11,588000,科创50ETF,135632.0,110833.0,81.72
2024-09-11,588080,科创板50ETF,94176.0,104118.0,110.56
2024-09-12,510050,上证50ETF,599313.0,399100.0,66.59
2024-09-12,510300,沪深300ETF,487138.0,364490.0,74.82
2024-09-12,510500,中证500ETF,857074.0,679106.0,79.24
2024-09-12,588000,科创50ETF,187346.0,144167.0,76.95
2024-09-12,588080,科创板50ETF,129273.0,107455.0,83.12
2024-09-13,510050,上证50ETF,590822.0,431529.0,73.04
2024-09-13,510300,沪深300ETF,488694.0,394969.0,80.82
2024-09-13,510500,中证500ETF,795287.0,641588.0,80.67
2024-09-13,588000,科创50ETF,199242.0,146452.0,73.5
2024-09-13,588080,科创板50ETF,113239.0,101464.0,89.6
2024-09-18,510050,上证50ETF,687820.0,599807.0,87.2
2024-09-18,510300,沪深300ETF,639194.0,589744.0,92.26
2024-09-18,510500,中证500ETF,1103254.0,950080.0,86.12
2024-09-18,588000,科创50ETF,242517.0,202696.0,83.58
2024-09-18,588080,科创板50ETF,159069.0,176894.0,111.21
2024-09-19,510050,上证50ETF,1042559.0,801770.0,76.9
2024-09-19,510300,沪深300ETF,894473.0,710445.0,79.43
2024-09-19,510500,中证500ETF,1701400.0,1137222.0,66.84
2024-09-19,588000,科创50ETF,337820.0,242790.0,71.87
2024-09-19,588080,科创板50ETF,361912.0,283184.0,78.25
2024-09-20,510050,上证50ETF,728088.0,559677.0,76.87
2024-09-20,510300,沪深300ETF,710654.0,573391.0,80.68
2024-09-20,510500,中证500ETF,1040779.0,741291.0,71.22
2024-09-20,588000,科创50ETF,260397.0,194929.0,74.86
2024-09-20,588080,科创板50ETF,516502.0,359797.0,69.66
2024-09-23,510050,上证50ETF,670117.0,571941.0,85.35
2024-09-23,510300,沪深300ETF,580809.0,471923.0,81.25
2024-09-23,510500,中证500ETF,941081.0,807860.0,85.84
2024-09-23,588000,科创50ETF,215704.0,158123.0,73.31
2024-09-23,588080,科创板50ETF,154970.0,129489.0,83.56
2024-09-24,510050,上证50ETF,1982200.0,1312839.0,66.23
2024-09-24,510300,沪深300ETF,1374424.0,990922.0,72.1
2024-09-24,510500,中证500ETF,2199554.0,1529257.0,69.53
2024-09-24,588000,科创50ETF,554388.0,348455.0,62.85
2024-09-24,588080,科创板50ETF,321237.0,211360.0,65.8
2024-09-25,510050,上证50ETF,1780385.0,1133975.0,63.69
2024-09-25,510300,沪深300ETF,1399362.0,874161.0,62.47
2024-09-25,510500,中证500ETF,1767142.0,1231562.0,69.69
2024-09-25,588000,科创50ETF,661346.0,320373.0,48.44
2024-09-25,588080,科创板50ETF,343861.0,169646.0,49.34
2024-09-26,510050,上证50ETF,1830833.0,1376619.0,75.19
2024-09-26,510300,沪深300ETF,1501080.0,1046441.0,69.71
2024-09-26,510500,中证500ETF,1672033.0,1197163.0,71.6
2024-09-26,588000,科创50ETF,759858.0,334643.0,44.04
2024-09-26,588080,科创板50ETF,371020.0,180102.0,48.54
2024-09-27,510050,上证50ETF,1832796.0,1528843.0,83.42
2024-09-27,510300,沪深300ETF,1551275.0,1157551.0,74.62
2024-09-27,510500,中证500ETF,1794400.0,1229733.0,68.53
2024-09-27,588000,科创50ETF,1177641.0,498211.0,42.31
2024-09-27,588080,科创板50ETF,383454.0,174116.0,45.41
2024-09-30,510050,上证50ETF,1346087.0,1451806.0,107.85
2024-09-30,510300,沪深300ETF,1184800.0,1072958.0,90.56
2024-09-30,510500,中证500ETF,1158006.0,883317.0,76.28
2024-09-30,588000,科创50ETF,1111200.0,616839.0,55.51
2024-09-30,588080,科创板50ETF,418965.0,345336.0,82.43
2024-10-08,510050,上证50ETF,827415.0,958076.0,115.79
2024-10-08,510300,沪深300ETF,703288.0,736472.0,104.72
2024-10-08,510500,中证500ETF,614003.0,590675.0,96.2
2024-10-08,588000,科创50ETF,443578.0,340702.0,76.81
2024-10-08,588080,科创板50ETF,141785.0,143023.0,100.87
2024-10-09,510050,上证50ETF,1108438.0,843339.0,76.08
2024-10-09,510300,沪深300ETF,981735.0,822342.0,83.76
2024-10-09,510500,中证500ETF,883070.0,702959.0,79.6
2024-10-09,588000,科创50ETF,849888.0,662148.0,77.91
2024-10-09,588080,科创板50ETF,234785.0,298129.0,126.98
2024-10-10,510050,上证50ETF,1421800.0,961206.0,67.6
2024-10-10,510300,沪深300ETF,1096677.0,820378.0,74.81
2024-10-10,510500,中证500ETF,961540.0,736323.0,76.58
2024-10-10,588000,科创50ETF,786994.0,614412.0,78.07
2024-10-10,588080,科创板50ETF,237623.0,238727.0,100.46
2024-10-11,510050,上证50ETF,1253656.0,899376.0,71.74
2024-10-11,510300,沪深300ETF,1027507.0,864618.0,84.15
2024-10-11,510500,中证500ETF,906013.0,885321.0,97.72
2024-10-11,588000,科创50ETF,842852.0,664411.0,78.83
2024-10-11,588080,科创板50ETF,252780.0,251663.0,99.56
2024-10-14,510050,上证50ETF,1291025.0,885186.0,68.56
2024-10-14,510300,沪深300ETF,1080850.0,824646.0,76.3
2024-10-14,510500,中证500ETF,1021611.0,869405.0,85.1
2024-10-14,588000,科创50ETF,903420.0,679103.0,75.17
2024-10-14,588080,科创板50ETF,302278.0,251173.0,83.09
2024-10-15,510050,上证50ETF,1084438.0,887427.0,81.83
2024-10-15,510300,沪深300ETF,975931.0,922399.0,94.51
2024-10-15,510500,中证500ETF,929683.0,969723.0,104.31
2024-10-15,588000,科创50ETF,802695.0,567645.0,70.72
2024-10-15,588080,科创板50ETF,279549.0,218651.0,78.22
2024-10-16,510050,上证50ETF,1199092.0,905303.0,75.5
2024-10-16,510300,沪深300ETF,1052902.0,1003356.0,95.29
2024-10-16,510500,中证500ETF,903533.0,908359.0,100.53
2024-10-16,588000,科创50ETF,694269.0,676877.0,97.49
2024-10-16,588080,科创板50ETF,244060.0,275399.0,112.84
2024-10-17,510050,上证50ETF,1255805.0,980976.0,78.12
2024-10-17,510300,沪深300ETF,1110517.0,1021433.0,91.98
2024-10-17,510500,中证500ETF,898953.0,830344.0,92.37
2024-10-17,588000,科创50ETF,616789.0,560386.0,90.86
2024-10-17,588080,科创板50ETF,209939.0,187750.0,89.43
2024-10-18,510050,上证50ETF,2184647.0,1314338.0,60.16
2024-10-18,510300,沪深300ETF,1829274.0,1220301.0,66.71
2024-10-18,510500,中证500ETF,1607806.0,1125747.0,70.02
2024-10-18,588000,科创50ETF,1591417.0,845328.0,53.12
2024-10-18,588080,科创板50ETF,514884.0,330265.0,64.14
2024-10-21,510050,上证50ETF,1274070.0,727373.0,57.09
2024-10-21,510300,沪深300ETF,1052099.0,615081.0,58.46
2024-10-21,510500,中证500ETF,1017689.0,627003.0,61.61
2024-10-21,588000,科创50ETF,1461934.0,640750.0,43.83
2024-10-21,588080,科创板50ETF,397861.0,203249.0,51.09
2024-10-22,510050,上证50ETF,932648.0,639839.0,68.6
2024-10-22,510300,沪深300ETF,672970.0,494027.0,73.41
2024-10-22,510500,中证500ETF,797738.0,705564.0,88.45
2024-10-22,588000,科创50ETF,797404.0,504192.0,63.23
2024-10-22,588080,科创板50ETF,234401.0,170649.0,72.8
2024-10-23,510050,上证50ETF,1057322.0,643111.0,60.82
2024-10-23,510300,沪深300ETF,872916.0,547263.0,62.69
2024-10-23,510500,中证500ETF,954362.0,810461.0,84.92
2024-10-23,588000,科创50ETF,823059.0,478996.0,58.2
2024-10-23,588080,科创板50ETF,238983.0,166573.0,69.7
2024-10-24,510050,上证50ETF,508217.0,382861.0,75.33
2024-10-24,510300,沪深300ETF,481417.0,342136.0,71.07
2024-10-24,510500,中证500ETF,543156.0,363926.0,67.0
2024-10-24,588000,科创50ETF,537008.0,324453.0,60.42
2024-10-24,588080,科创板50ETF,140264.0,106228.0,75.73
2024-10-25,510050,上证50ETF,776919.0,442881.0,57.0
2024-10-25,510300,沪深300ETF,765689.0,481526.0,62.89
2024-10-25,510500,中证500ETF,861635.0,492173.0,57.12
2024-10-25,588000,科创50ETF,768800.0,385340.0,50.12
2024-10-25,588080,科创板50ETF,204331.0,128990.0,63.13
2024-10-28,510050,上证50ETF,460330.0,319247.0,69.35
2024-10-28,510300,沪深300ETF,440113.0,335590.0,76.25
2024-10-28,510500,中证500ETF,555117.0,348483.0,62.78
2024-10-28,588000,科创50ETF,325355.0,187654.0,57.68
2024-10-28,588080,科创板50ETF,119424.0,73860.0,61.85
2024-10-29,510050,上证50ETF,635916.0,403925.0,63.52
2024-10-29,510300,沪深300ETF,524485.0,395202.0,75.35
2024-10-29,510500,中证500ETF,546847.0,506519.0,92.63
2024-10-29,588000,科创50ETF,525479.0,289307.0,55.06
2024-10-29,588080,科创板50ETF,145642.0,113242.0,77.75
2024-10-30,510050,上证50ETF,552323.0,485277.0,87.86
2024-10-30,510300,沪深300ETF,476620.0,507874.0,106.56
2024-10-30,510500,中证500ETF,593439.0,519147.0,87.48
2024-10-30,588000,科创50ETF,407949.0,346769.0,85.0
2024-10-30,588080,科创板50ETF,142481.0,160694.0,112.78
2024-10-31,510050,上证50ETF,810557.0,477848.0,58.95
2024-10-31,510300,沪深300ETF,703106.0,486341.0,69.17
2024-10-31,510500,中证500ETF,973548.0,545085.0,55.99
2024-10-31,588000,科创50ETF,597385.0,321176.0,53.76
2024-10-31,588080,科创板50ETF,188180.0,200470.0,106.53
2024-11-01,510050,上证50ETF,711530.0,411159.0,57.79
2024-11-01,510300,沪深300ETF,597092.0,409844.0,68.64
2024-11-01,510500,中证500ETF,633050.0,633463.0,100.07
2024-11-01,588000,科创50ETF,363160.0,284021.0,78.21
2024-11-01,588080,科创板50ETF,117190.0,153077.0,130.62
2024-11-04,510050,上证50ETF,427248.0,326538.0,76.43
2024-11-04,510300,沪深300ETF,396746.0,317026.0,79.91
2024-11-04,510500,中证500ETF,417969.0,331618.0,79.34
2024-11-04,588000,科创50ETF,253070.0,244819.0,96.74
2024-11-04,588080,科创板50ETF,68368.0,103784.0,151.8
2024-11-05,510050,上证50ETF,1015111.0,543978.0,53.59
2024-11-05,510300,沪深300ETF,936250.0,580216.0,61.97
2024-11-05,510500,中证500ETF,932610.0,593062.0,63.59
2024-11-05,588000,科创50ETF,659994.0,365774.0,55.42
2024-11-05,588080,科创板50ETF,184886.0,141830.0,76.71
2024-11-06,510050,上证50ETF,852059.0,572296.0,67.17
2024-11-06,510300,沪深300ETF,726757.0,493481.0,67.9
2024-11-06,510500,中证500ETF,870334.0,625945.0,71.92
2024-11-06,588000,科创50ETF,585135.0,298600.0,51.03
2024-11-06,588080,科创板50ETF,182494.0,143519.0,78.64
2024-11-07,510050,上证50ETF,1158568.0,752004.0,64.91
2024-11-07,510300,沪深300ETF,883489.0,634591.0,71.83
2024-11-07,510500,中证500ETF,650359.0,554426.0,85.25
2024-11-07,588000,科创50ETF,423996.0,261473.0,61.67
2024-11-07,588080,科创板50ETF,123538.0,90642.0,73.37
2024-11-08,510050,上证50ETF,1036046.0,631125.0,60.92
2024-11-08,510300,沪深300ETF,840607.0,529666.0,63.01
2024-11-08,510500,中证500ETF,733072.0,622563.0,84.93
2024-11-08,588000,科创50ETF,729478.0,396068.0,54.29
2024-11-08,588080,科创板50ETF,226465.0,140209.0,61.91
2024-11-11,510050,上证50ETF,1035261.0,630083.0,60.86
2024-11-11,510300,沪深300ETF,777717.0,600605.0,77.23
2024-11-11,510500,中证500ETF,669531.0,584980.0,87.37
2024-11-11,588000,科创50ETF,658944.0,408684.0,62.02
2024-11-11,588080,科创板50ETF,165415.0,140399.0,84.88
2024-11-12,510050,上证50ETF,1001659.0,767182.0,76.59
2024-11-12,510300,沪深300ETF,796503.0,647980.0,81.35
2024-11-12,510500,中证500ETF,685794.0,628440.0,91.64
2024-11-12,588000,科创50ETF,494294.0,463526.0,93.78
2024-11-12,588080,科创板50ETF,129084.0,156238.0,121.04
2024-11-13,510050,上证50ETF,713251.0,559044.0,78.38
2024-11-13,510300,沪深300ETF,517817.0,481711.0,93.03
2024-11-13,510500,中证500ETF,550953.0,577837.0,104.88
2024-11-13,588000,科创50ETF,331854.0,267865.0,80.72
2024-11-13,588080,科创板50ETF,100603.0,142081.0,141.23
2024-11-14,510050,上证50ETF,684035.0,534648.0,78.16
2024-11-14,510300,沪深300ETF,519873.0,520036.0,100.03
2024-11-14,510500,中证500ETF,552319.0,648761.0,117.46
2024-11-14,588000,科创50ETF,356301.0,370517.0,103.99
2024-11-14,588080,科创板50ETF,123820.0,252589.0,204.0
2024-11-15,510050,上证50ETF,757113.0,585511.0,77.33
2024-11-15,510300,沪深300ETF,636640.0,785902.0,123.45
2024-11-15,510500,中证500ETF,652906.0,803208.0,123.02
2024-11-15,588000,科创50ETF,405170.0,434917.0,107.34
2024-11-15,588080,科创板50ETF,129784.0,445889.0,343.56
2024-11-18,510050,上证50ETF,1022878.0,868693.0,84.93
2024-11-18,510300,沪深300ETF,834567.0,810570.0,97.12
2024-11-18,510500,中证500ETF,721277.0,1031959.0,143.07
2024-11-18,588000,科创50ETF,491957.0,445921.0,90.64
2024-11-18,588080,科创板50ETF,155728.0,490290.0,314.84
2024-11-19,510050,上证50ETF,894165.0,893484.0,99.92
2024-11-19,510300,沪深300ETF,703488.0,791783.0,112.55
2024-11-19,510500,中证500ETF,780832.0,1004824.0,128.69
2024-11-19,588000,科创50ETF,530611.0,401742.0,75.71
2024-11-19,588080,科创板50ETF,175485.0,389650.0,222.04
2024-11-20,510050,上证50ETF,602502.0,431861.0,71.68
2024-11-20,510300,沪深300ETF,555219.0,506844.0,91.29
2024-11-20,510500,中证500ETF,702444.0,637898.0,90.81
2024-11-20,588000,科创50ETF,337861.0,264479.0,78.28
2024-11-20,588080,科创板50ETF,75264.0,272260.0,361.74
2024-11-21,510050,上证50ETF,544258.0,399972.0,73.49
2024-11-21,510300,沪深300ETF,442695.0,398641.0,90.05
2024-11-21,510500,中证500ETF,511204.0,558353.0,109.22
2024-11-21,588000,科创50ETF,339079.0,270558.0,79.79
2024-11-21,588080,科创板50ETF,90787.0,89039.0,98.07
2024-11-22,510050,上证50ETF,954846.0,819610.0,85.84
2024-11-22,510300,沪深300ETF,760659.0,736381.0,96.81
2024-11-22,510500,中证500ETF,668264.0,878586.0,131.47
2024-11-22,588000,科创50ETF,436504.0,351213.0,80.46
2024-11-22,588080,科创板50ETF,106107.0,119372.0,112.5
2024-11-25,510050,上证50ETF,947917.0,891899.0,94.09
2024-11-25,510300,沪深300ETF,747804.0,878580.0,117.49
2024-11-25,510500,中证500ETF,684089.0,873900.0,127.75
2024-11-25,588000,科创50ETF,483034.0,470848.0,97.48
2024-11-25,588080,科创板50ETF,121518.0,146498.0,120.56
2024-11-26,510050,上证50ETF,767282.0,703206.0,91.65
2024-11-26,510300,沪深300ETF,515193.0,547367.0,106.25
2024-11-26,510500,中证500ETF,582154.0,789901.0,135.69
2024-11-26,588000,科创50ETF,320810.0,267240.0,83.3
2024-11-26,588080,科创板50ETF,90818.0,77730.0,85.59
2024-11-27,510050,上证50ETF,908426.0,698693.0,76.91
2024-11-27,510300,沪深300ETF,727286.0,635885.0,87.43
2024-11-27,510500,中证500ETF,851066.0,919263.0,108.01
2024-11-27,588000,科创50ETF,577875.0,409754.0,70.91
2024-11-27,588080,科创板50ETF,158263.0,119342.0,75.41
2024-11-28,510050,上证50ETF,492906.0,368810.0,74.82
2024-11-28,510300,沪深300ETF,390265.0,339889.0,87.09
2024-11-28,510500,中证500ETF,466360.0,425462.0,91.23
2024-11-28,588000,科创50ETF,344089.0,279664.0,81.28
2024-11-28,588080,科创板50ETF,92721.0,91404.0,98.58
2024-11-29,510050,上证50ETF,838865.0,549780.0,65.54
2024-11-29,510300,沪深300ETF,723094.0,522952.0,72.32
2024-11-29,510500,中证500ETF,896259.0,635271.0,70.88
2024-11-29,588000,科创50ETF,541308.0,330347.0,61.03
2024-11-29,588080,科创板50ETF,136372.0,88743.0,65.07
2024-12-02,510050,XD上证50ETF,605627.0,424439.0,70.08
2024-12-02,510300,沪深300ETF,488671.0,357591.0,73.18
2024-12-02,510500,中证500ETF,730527.0,463533.0,63.45
2024-12-02,588000,科创50ETF,424667.0,225683.0,53.14
2024-12-02,588080,科创板50ETF,102812.0,59256.0,57.64
2024-12-03,510050,上证50ETF,583851.0,443843.0,76.02
2024-12-03,510300,沪深300ETF,473854.0,444486.0,93.8
2024-12-03,510500,中证500ETF,548911.0,513377.0,93.53
2024-12-03,588000,科创50ETF,358488.0,250499.0,69.88
2024-12-03,588080,科创板50ETF,83316.0,72949.0,87.56
2024-12-04,510050,上证50ETF,549539.0,376772.0,68.56
2024-12-04,510300,沪深300ETF,405687.0,387226.0,95.45
2024-12-04,510500,中证500ETF,479611.0,518866.0,108.18
2024-12-04,588000,科创50ETF,380917.0,277153.0,72.76
2024-12-04,588080,科创板50ETF,96626.0,79119.0,81.88
2024-12-05,510050,上证50ETF,404270.0,308427.0,76.29
2024-12-05,510300,沪深300ETF,360727.0,321860.0,89.23
2024-12-05,510500,中证500ETF,505779.0,504863.0,99.82
2024-12-05,588000,科创50ETF,237840.0,176354.0,74.15
2024-12-05,588080,科创板50ETF,60215.0,60434.0,100.36
2024-12-06,510050,上证50ETF,806033.0,536286.0,66.53
2024-12-06,510300,沪深300ETF,693369.0,503602.0,72.63
2024-12-06,510500,中证500ETF,831358.0,677876.0,81.54
2024-12-06,588000,科创50ETF,494578.0,423889.0,85.71
2024-12-06,588080,科创板50ETF,112678.0,96120.0,85.31
2024-12-09,510050,上证50ETF,634033.0,453076.0,71.46
2024-12-09,510300,沪深300ETF,529665.0,415312.0,78.41
2024-12-09,510500,中证500ETF,575597.0,506248.0,87.95
2024-12-09,588000,科创50ETF,374713.0,250318.0,66.8
2024-12-09,588080,科创板50ETF,111858.0,79686.0,71.24
2024-12-10,510050,上证50ETF,1137112.0,671515.0,59.05
2024-12-10,510300,沪深300ETF,1068718.0,662948.0,62.03
2024-12-10,510500,中证500ETF,1035941.0,617367.0,59.59
2024-12-10,588000,科创50ETF,779927.0,378083.0,48.48
2024-12-10,588080,科创板50ETF,193824.0,113653.0,58.64
2024-12-11,510050,上证50ETF,522023.0,406825.0,77.93
2024-12-11,510300,沪深300ETF,461779.0,419730.0,90.89
2024-12-11,510500,中证500ETF,537529.0,422527.0,78.61
2024-12-11,588000,科创50ETF,338888.0,238865.0,70.48
2024-12-11,588080,科创板50ETF,106318.0,76883.0,72.31
2024-12-12,510050,上证50ETF,762407.0,639252.0,83.85
2024-12-12,510300,沪深300ETF,621532.0,476101.0,76.6
2024-12-12,510500,中证500ETF,626324.0,509615.0,81.37
2024-12-12,588000,科创50ETF,402693.0,254976.0,63.32
2024-12-12,588080,科创板50ETF,114897.0,107682.0,93.72
2024-12-13,510050,上证50ETF,983624.0,956266.0,97.22
2024-12-13,510300,沪深300ETF,789818.0,793633.0,100.48
2024-12-13,510500,中证500ETF,785274.0,897745.0,114.32
2024-12-13,588000,科创50ETF,544546.0,535529.0,98.34
2024-12-13,588080,科创板50ETF,208797.0,277988.0,133.14
2024-12-16,510050,上证50ETF,586029.0,573585.0,97.88
2024-12-16,510300,沪深300ETF,495031.0,671822.0,135.71
2024-12-16,510500,中证500ETF,587659.0,967196.0,164.58
2024-12-16,588000,科创50ETF,487595.0,455341.0,93.39
2024-12-16,588080,科创板50ETF,236363.0,350501.0,148.29
2024-12-17,510050,上证50ETF,769775.0,739193.0,96.03
2024-12-17,510300,沪深300ETF,729981.0,985705.0,135.03
2024-12-17,510500,中证500ETF,651166.0,1205499.0,185.13
2024-12-17,588000,科创50ETF,389882.0,316755.0,81.24
2024-12-17,588080,科创板50ETF,194338.0,261485.0,134.55
2024-12-18,510050,上证50ETF,685042.0,647938.0,94.58
2024-12-18,510300,沪深300ETF,528294.0,562273.0,106.43
2024-12-18,510500,中证500ETF,611082.0,896736.0,146.75
2024-12-18,588000,科创50ETF,409548.0,263157.0,64.26
2024-12-18,588080,科创板50ETF,199899.0,196186.0,98.14
2024-12-19,510050,上证50ETF,658677.0,622851.0,94.56
2024-12-19,510300,沪深300ETF,633291.0,819392.0,129.39
2024-12-19,510500,中证500ETF,682544.0,1144325.0,167.66
2024-12-19,588000,科创50ETF,495028.0,330192.0,66.7
2024-12-19,588080,科创板50ETF,254754.0,254167.0,99.77
2024-12-20,510050,上证50ETF,696733.0,609290.0,87.45
2024-12-20,510300,沪深300ETF,502223.0,483470.0,96.27
2024-12-20,510500,中证500ETF,563113.0,702520.0,124.76
2024-12-20,588000,科创50ETF,670899.0,410835.0,61.24
2024-12-20,588080,科创板50ETF,257664.0,200689.0,77.89
2024-12-23,510050,上证50ETF,938646.0,795950.0,84.8
2024-12-23,510300,沪深300ETF,602100.0,635050.0,105.47
2024-12-23,510500,中证500ETF,642462.0,799518.0,124.45
2024-12-23,588000,科创50ETF,465255.0,298470.0,64.15
2024-12-23,588080,科创板50ETF,135044.0,73786.0,54.64
2024-12-24,510050,上证50ETF,790853.0,653195.0,82.59
2024-12-24,510300,沪深300ETF,599968.0,557733.0,92.96
2024-12-24,510500,中证500ETF,660419.0,713982.0,108.11
2024-12-24,588000,科创50ETF,462667.0,281578.0,60.86
2024-12-24,588080,科创板50ETF,122153.0,76389.0,62.54
2024-12-25,510050,上证50ETF,841443.0,592966.0,70.47
2024-12-25,510300,沪深300ETF,533301.0,443458.0,83.15
2024-12-25,510500,中证500ETF,660940.0,742115.0,112.28
2024-12-25,588000,科创50ETF,439277.0,256542.0,58.4
2024-12-25,588080,科创板50ETF,138875.0,67479.0,48.59
2024-12-26,510050,上证50ETF,330308.0,327693.0,99.21
2024-12-26,510300,沪深300ETF,302940.0,335450.0,110.73
2024-12-26,510500,中证500ETF,387040.0,371364.0,95.95
2024-12-26,588000,科创50ETF,306385.0,215446.0,70.32
2024-12-26,588080,科创板50ETF,101279.0,80679.0,79.66
2024-12-27,510050,上证50ETF,448581.0,378175.0,84.3
2024-12-27,510300,沪深300ETF,426260.0,316054.0,74.15
2024-12-27,510500,中证500ETF,579571.0,484634.0,83.62
2024-12-27,588000,科创50ETF,497810.0,290730.0,58.4
2024-12-27,588080,科创板50ETF,141337.0,108940.0,77.08
2024-12-30,510050,上证50ETF,418105.0,318263.0,76.12
2024-12-30,510300,沪深300ETF,316670.0,256667.0,81.05
2024-12-30,510500,中证500ETF,412488.0,387742.0,94.0
2024-12-30,588000,科创50ETF,337969.0,189605.0,56.1
2024-12-30,588080,科创板50ETF,99794.0,60193.0,60.32
2024-12-31,510050,上证50ETF,629001.0,564783.0,89.79
2024-12-31,510300,沪深300ETF,569235.0,527936.0,92.74
2024-12-31,510500,中证500ETF,644984.0,691384.0,107.19
2024-12-31,588000,科创50ETF,403130.0,302869.0,75.13
2024-12-31,588080,科创板50ETF,123139.0,112064.0,91.01
2025-01-02,510050,上证50ETF,939331.0,1044641.0,111.21
2025-01-02,510300,沪深300ETF,758792.0,843672.0,111.19
2025-01-02,510500,中证500ETF,845706.0,1009737.0,119.4
2025-01-02,588000,科创50ETF,542690.0,501303.0,92.37
2025-01-02,588080,科创板50ETF,153745.0,145191.0,94.44
2025-01-03,510050,上证50ETF,740066.0,758005.0,102.42
2025-01-03,510300,沪深300ETF,658217.0,811201.0,123.24
2025-01-03,510500,中证500ETF,785282.0,944714.0,120.3
2025-01-03,588000,科创50ETF,445278.0,388060.0,87.15
2025-01-03,588080,科创板50ETF,123281.0,118163.0,95.85
2025-01-06,510050,上证50ETF,709505.0,907185.0,127.86
2025-01-06,510300,沪深300ETF,598702.0,720921.0,120.41
2025-01-06,510500,中证500ETF,695863.0,871211.0,125.2
2025-01-06,588000,科创50ETF,364975.0,313670.0,85.94
2025-01-06,588080,科创板50ETF,134893.0,123002.0,91.18
2025-01-07,510050,上证50ETF,490704.0,500532.0,102.0
2025-01-07,510300,沪深300ETF,484829.0,525659.0,108.42
2025-01-07,510500,中证500ETF,752067.0,754335.0,100.3
2025-01-07,588000,科创50ETF,475540.0,348525.0,73.29
2025-01-07,588080,科创板50ETF,118718.0,118077.0,99.46
2025-01-08,510050,上证50ETF,829926.0,799772.0,96.37
2025-01-08,510300,沪深300ETF,747229.0,759886.0,101.69
2025-01-08,510500,中证500ETF,945156.0,1074828.0,113.72
2025-01-08,588000,科创50ETF,631654.0,474497.0,75.12
2025-01-08,588080,科创板50ETF,160934.0,135591.0,84.25
2025-01-09,510050,上证50ETF,440645.0,451259.0,102.41
2025-01-09,510300,沪深300ETF,380239.0,337337.0,88.72
2025-01-09,510500,中证500ETF,508546.0,572870.0,112.65
2025-01-09,588000,科创50ETF,316636.0,237984.0,75.16
2025-01-09,588080,科创板50ETF,84032.0,90034.0,107.14
2025-01-10,510050,上证50ETF,585747.0,587461.0,100.29
2025-01-10,510300,沪深300ETF,480706.0,590909.0,122.93
2025-01-10,510500,中证500ETF,642541.0,808863.0,125.89
2025-01-10,588000,科创50ETF,431773.0,342105.0,79.23
2025-01-10,588080,科创板50ETF,102085.0,89842.0,88.01
2025-01-13,510050,上证50ETF,552498.0,629611.0,113.96
2025-01-13,510300,沪深300ETF,480424.0,639181.0,133.05
2025-01-13,510500,中证500ETF,563881.0,771541.0,136.83
2025-01-13,588000,科创50ETF,333158.0,315728.0,94.77
2025-01-13,588080,科创板50ETF,83024.0,75363.0,90.77
2025-01-14,510050,上证50ETF,1174031.0,798175.0,67.99
2025-01-14,510300,沪深300ETF,1106150.0,789236.0,71.35
2025-01-14,510500,中证500ETF,1280171.0,954585.0,74.57
2025-01-14,588000,科创50ETF,805011.0,443571.0,55.1
2025-01-14,588080,科创板50ETF,246989.0,133159.0,53.91
2025-01-15,510050,上证50ETF,548456.0,449776.0,82.01
2025-01-15,510300,沪深300ETF,547265.0,459324.0,83.93
2025-01-15,510500,中证500ETF,598323.0,528040.0,88.25
2025-01-15,588000,科创50ETF,490459.0,275093.0,56.09
2025-01-15,588080,科创板50ETF,137700.0,81687.0,59.32
2025-01-16,510050,上证50ETF,757428.0,724805.0,95.69
2025-01-16,510300,沪深300ETF,795781.0,771598.0,96.96
2025-01-16,510500,XD中证500ETF,958181.0,840393.0,87.71
2025-01-16,588000,科创50ETF,761490.0,634023.0,83.26
2025-01-16,588080,科创板50ETF,267184.0,311438.0,116.56
2025-01-17,510050,上证50ETF,862172.0,884292.0,102.57
2025-01-17,510300,沪深300ETF,844758.0,680692.0,80.58
2025-01-17,510500,中证500ETF,887577.0,824674.0,92.91
2025-01-17,588000,科创50ETF,733307.0,826780.0,112.75
2025-01-17,588080,科创板50ETF,503336.0,1037265.0,206.08
2025-01-20,510050,上证50ETF,824061.0,584995.0,70.99
2025-01-20,510300,沪深300ETF,797362.0,641702.0,80.48
2025-01-20,510500,中证500ETF,898757.0,860363.0,95.73
2025-01-20,588000,科创50ETF,589655.0,411059.0,69.71
2025-01-20,588080,科创板50ETF,248497.0,434568.0,174.88
2025-01-21,510050,上证50ETF,586359.0,450664.0,76.86
2025-01-21,510300,沪深300ETF,554596.0,491508.0,88.62
2025-01-21,510500,中证500ETF,739573.0,719994.0,97.35
2025-01-21,588000,科创50ETF,428057.0,268726.0,62.78
2025-01-21,588080,科创板50ETF,129663.0,90903.0,70.11
2025-01-22,510050,上证50ETF,797689.0,771947.0,96.77
2025-01-22,510300,沪深300ETF,611888.0,613076.0,100.19
2025-01-22,510500,中证500ETF,591441.0,619167.0,104.69
2025-01-22,588000,科创50ETF,413005.0,243002.0,58.84
2025-01-22,588080,科创板50ETF,151714.0,98630.0,65.01
2025-01-23,510050,上证50ETF,778127.0,508908.0,65.4
2025-01-23,510300,沪深300ETF,650395.0,427890.0,65.79
2025-01-23,510500,中证500ETF,715661.0,506986.0,70.84
2025-01-23,588000,科创50ETF,515730.0,247299.0,47.95
2025-01-23,588080,科创板50ETF,137338.0,72823.0,53.02
2025-01-24,510050,上证50ETF,461556.0,328276.0,71.12
2025-01-24,510300,沪深300ETF,411100.0,295652.0,71.92
2025-01-24,510500,中证500ETF,500937.0,434123.0,86.66
2025-01-24,588000,科创50ETF,234455.0,160391.0,68.41
2025-01-24,588080,科创板50ETF,72865.0,52966.0,72.69
2025-01-27,510050,上证50ETF,371360.0,276105.0,74.35
2025-01-27,510300,沪深300ETF,380415.0,241728.0,63.54
2025-01-27,510500,中证500ETF,455040.0,374625.0,82.33
2025-01-27,588000,科创50ETF,263579.0,174396.0,66.16
2025-01-27,588080,科创板50ETF,67393.0,46055.0,68.34
2025-02-05,510050,上证50ETF,569123.0,401198.0,70.49
2025-02-05,510300,沪深300ETF,460724.0,371298.0,80.59
2025-02-05,510500,中证500ETF,511035.0,452992.0,88.64
2025-02-05,588000,科创50ETF,435495.0,307344.0,70.57
2025-02-05,588080,科创板50ETF,113565.0,78925.0,69.5
2025-02-06,510050,上证50ETF,607036.0,390390.0,64.31
2025-02-06,510300,沪深300ETF,539279.0,431008.0,79.92
2025-02-06,510500,中证500ETF,702157.0,549355.0,78.24
2025-02-06,588000,科创50ETF,484787.0,345752.0,71.32
2025-02-06,588080,科创板50ETF,131514.0,95959.0,72.96
2025-02-07,510050,上证50ETF,1020748.0,634563.0,62.17
2025-02-07,510300,沪深300ETF,883360.0,597512.0,67.64
2025-02-07,510500,中证500ETF,1110576.0,772554.0,69.56
2025-02-07,588000,科创50ETF,734936.0,466747.0,63.51
2025-02-07,588080,科创板50ETF,185122.0,117864.0,63.67
2025-02-10,510050,上证50ETF,471360.0,354477.0,75.2
2025-02-10,510300,沪深300ETF,397880.0,285857.0,71.85
2025-02-10,510500,中证500ETF,549989.0,425350.0,77.34
2025-02-10,588000,科创50ETF,398889.0,296044.0,74.22
2025-02-10,588080,科创板50ETF,106791.0,76460.0,71.6
2025-02-11,510050,上证50ETF,370683.0,248360.0,67.0
2025-02-11,510300,沪深300ETF,353370.0,266509.0,75.42
2025-02-11,510500,中证500ETF,522089.0,438319.0,83.95
2025-02-11,588000,科创50ETF,384845.0,341673.0,88.78
2025-02-11,588080,科创板50ETF,88807.0,71951.0,81.02
2025-02-12,510050,上证50ETF,572626.0,434058.0,75.8
2025-02-12,510300,沪深300ETF,571500.0,403942.0,70.68
2025-02-12,510500,中证500ETF,796645.0,648402.0,81.39
2025-02-12,588000,科创50ETF,472366.0,319532.0,67.65
2025-02-12,588080,科创板50ETF,112942.0,79238.0,70.16
2025-02-13,510050,上证50ETF,842710.0,605847.0,71.89
2025-02-13,510300,沪深300ETF,756061.0,542626.0,71.77
2025-02-13,510500,中证500ETF,747261.0,712786.0,95.39
2025-02-13,588000,科创50ETF,481269.0,379337.0,78.82
2025-02-13,588080,科创板50ETF,159889.0,110351.0,69.02
2025-02-14,510050,上证50ETF,722525.0,557440.0,77.15
2025-02-14,510300,沪深300ETF,615938.0,486134.0,78.93
2025-02-14,510500,中证500ETF,716167.0,648482.0,90.55
2025-02-14,588000,科创50ETF,466327.0,350038.0,75.06
2025-02-14,588080,科创板50ETF,127895.0,93036.0,72.74
2025-02-17,510050,上证50ETF,710023.0,509846.0,71.81
2025-02-17,510300,沪深300ETF,605834.0,464112.0,76.61
2025-02-17,510500,中证500ETF,722687.0,634826.0,87.84
2025-02-17,588000,科创50ETF,466445.0,296963.0,63.67
2025-02-17,588080,科创板50ETF,148840.0,97708.0,65.65
2025-02-18,510050,上证50ETF,798983.0,628678.0,78.68
2025-02-18,510300,沪深300ETF,713058.0,642168.0,90.06
2025-02-18,510500,中证500ETF,858558.0,902996.0,105.18
2025-02-18,588000,科创50ETF,488711.0,351913.0,72.01
2025-02-18,588080,科创板50ETF,176373.0,357940.0,202.94
2025-02-19,510050,上证50ETF,579898.0,444644.0,76.68
2025-02-19,510300,沪深300ETF,593219.0,526678.0,88.78
2025-02-19,510500,中证500ETF,873656.0,855291.0,97.9
2025-02-19,588000,科创50ETF,500391.0,458104.0,91.55
2025-02-19,588080,科创板50ETF,258384.0,326301.0,126.29
2025-02-20,510050,上证50ETF,496323.0,397623.0,80.11
2025-02-20,510300,沪深300ETF,459400.0,423020.0,92.08
2025-02-20,510500,中证500ETF,722406.0,673811.0,93.27
2025-02-20,588000,科创50ETF,398535.0,423818.0,106.34
2025-02-20,588080,科创板50ETF,146176.0,196310.0,134.3
2025-02-21,510050,上证50ETF,1013452.0,632683.0,62.43
2025-02-21,510300,沪深300ETF,772415.0,578042.0,74.84
2025-02-21,510500,中证500ETF,1060583.0,867292.0,81.78
2025-02-21,588000,科创50ETF,1705887.0,925726.0,54.27
2025-02-21,588080,科创板50ETF,443871.0,238730.0,53.78
2025-02-24,510050,上证50ETF,642816.0,437389.0,68.04
2025-02-24,510300,沪深300ETF,555374.0,421230.0,75.85
2025-02-24,510500,中证500ETF,693888.0,598634.0,86.27
2025-02-24,588000,科创50ETF,1127759.0,641169.0,56.85
2025-02-24,588080,科创板50ETF,271732.0,151892.0,55.9
2025-02-25,510050,上证50ETF,628608.0,491969.0,78.26
2025-02-25,510300,沪深300ETF,523079.0,427078.0,81.65
2025-02-25,510500,中证500ETF,702458.0,768414.0,109.39
2025-02-25,588000,科创50ETF,1038865.0,687092.0,66.14
2025-02-25,588080,科创板50ETF,281923.0,181697.0,64.45
2025-02-26,510050,上证50ETF,611339.0,442505.0,72.38
2025-02-26,510300,沪深300ETF,533019.0,382436.0,71.75
2025-02-26,510500,中证500ETF,885991.0,685997.0,77.43
2025-02-26,588000,科创50ETF,1014886.0,562690.0,55.44
2025-02-26,588080,科创板50ETF,353317.0,181179.0,51.28
2025-02-27,510050,上证50ETF,533082.0,391284.0,73.4
2025-02-27,510300,沪深300ETF,492804.0,391632.0,79.47
2025-02-27,510500,中证500ETF,638939.0,596945.0,93.43
2025-02-27,588000,科创50ETF,817655.0,522357.0,63.88
2025-02-27,588080,科创板50ETF,227934.0,153375.0,67.29
2025-02-28,510050,上证50ETF,567255.0,481467.0,84.88
2025-02-28,510300,沪深300ETF,490395.0,443867.0,90.51
2025-02-28,510500,中证500ETF,621614.0,690293.0,111.05
2025-02-28,588000,科创50ETF,803518.0,623192.0,77.56
2025-02-28,588080,科创板50ETF,222951.0,174467.0,78.25
2025-03-03,510050,上证50ETF,540459.0,416828.0,77.12
2025-03-03,510300,沪深300ETF,456478.0,485626.0,106.39
2025-03-03,510500,中证500ETF,633822.0,630791.0,99.52
2025-03-03,588000,科创50ETF,695240.0,502043.0,72.21
2025-03-03,588080,科创板50ETF,191132.0,156349.0,81.8
2025-03-04,510050,上证50ETF,405892.0,335962.0,82.77
2025-03-04,510300,沪深300ETF,325171.0,341201.0,104.93
2025-03-04,510500,中证500ETF,557512.0,532358.0,95.49
2025-03-04,588000,科创50ETF,682613.0,473952.0,69.43
2025-03-04,588080,科创板50ETF,195968.0,158905.0,81.09
2025-03-05,510050,上证50ETF,461629.0,350706.0,75.97
2025-03-05,510300,沪深300ETF,378295.0,341919.0,90.38
2025-03-05,510500,中证500ETF,531479.0,542200.0,102.02
2025-03-05,588000,科创50ETF,432919.0,289511.0,66.87
2025-03-05,588080,科创板50ETF,132439.0,104933.0,79.23
2025-03-06,510050,上证50ETF,879178.0,552213.0,62.81
2025-03-06,510300,沪深300ETF,668156.0,505193.0,75.61
2025-03-06,510500,中证500ETF,875277.0,652940.0,74.6
2025-03-06,588000,科创50ETF,945452.0,571497.0,60.45
2025-03-06,588080,科创板50ETF,264345.0,165296.0,62.53
2025-03-07,510050,上证50ETF,432756.0,325230.0,75.15
2025-03-07,510300,沪深300ETF,384293.0,287086.0,74.7
2025-03-07,510500,中证500ETF,642803.0,552957.0,86.02
2025-03-07,588000,科创50ETF,595266.0,406981.0,68.37
2025-03-07,588080,科创板50ETF,162061.0,111861.0,69.02
2025-03-10,510050,上证50ETF,488697.0,414279.0,84.77
2025-03-10,510300,沪深300ETF,450522.0,393364.0,87.31
2025-03-10,510500,中证500ETF,559861.0,550042.0,98.25
2025-03-10,588000,科创50ETF,590490.0,433099.0,73.35
2025-03-10,588080,科创板50ETF,174428.0,217144.0,124.49
2025-03-11,510050,上证50ETF,465872.0,368765.0,79.16
2025-03-11,510300,沪深300ETF,388556.0,399930.0,102.93
2025-03-11,510500,中证500ETF,622110.0,632943.0,101.74
2025-03-11,588000,科创50ETF,501844.0,425057.0,84.7
2025-03-11,588080,科创板50ETF,145294.0,193750.0,133.35
2025-03-12,510050,上证50ETF,472807.0,383418.0,81.09
2025-03-12,510300,沪深300ETF,460247.0,387947.0,84.29
2025-03-12,510500,中证500ETF,693599.0,544832.0,78.55
2025-03-12,588000,科创50ETF,493231.0,419028.0,84.96
2025-03-12,588080,科创板50ETF,154872.0,389832.0,251.71
2025-03-13,510050,上证50ETF,562781.0,465907.0,82.79
2025-03-13,510300,沪深300ETF,492183.0,423102.0,85.96
2025-03-13,510500,中证500ETF,786074.0,748983.0,95.28
2025-03-13,588000,科创50ETF,669746.0,545690.0,81.48
2025-03-13,588080,科创板50ETF,243983.0,195663.0,80.2
2025-03-14,510050,上证50ETF,1500745.0,992679.0,66.15
2025-03-14,510300,沪深300ETF,1222521.0,826423.0,67.6
2025-03-14,510500,中证500ETF,1147378.0,830557.0,72.39
2025-03-14,588000,科创50ETF,708831.0,447930.0,63.19
2025-03-14,588080,科创板50ETF,361086.0,177505.0,49.16
2025-03-17,510050,上证50ETF,713335.0,495857.0,69.51
2025-03-17,510300,沪深300ETF,588877.0,474792.0,80.63
2025-03-17,510500,中证500ETF,600044.0,428507.0,71.41
2025-03-17,588000,科创50ETF,393818.0,316462.0,80.36
2025-03-17,588080,科创板50ETF,325328.0,515369.0,158.42
2025-03-18,510050,上证50ETF,496583.0,413013.0,83.17
2025-03-18,510300,沪深300ETF,494301.0,390663.0,79.03
2025-03-18,510500,中证500ETF,745463.0,587340.0,78.79
2025-03-18,588000,科创50ETF,646331.0,545704.0,84.43
2025-03-18,588080,科创板50ETF,528463.0,853102.0,161.43
2025-03-19,510050,上证50ETF,565217.0,444477.0,78.64
2025-03-19,510300,沪深300ETF,524228.0,433608.0,82.71
2025-03-19,510500,中证500ETF,666564.0,567033.0,85.07
2025-03-19,588000,科创50ETF,718424.0,611672.0,85.14
2025-03-19,588080,科创板50ETF,399643.0,599852.0,150.1
2025-03-20,510050,上证50ETF,750597.0,683561.0,91.07
2025-03-20,510300,沪深300ETF,513734.0,448890.0,87.38
2025-03-20,510500,中证500ETF,673501.0,581364.0,86.32
2025-03-20,588000,科创50ETF,846995.0,731767.0,86.4
2025-03-20,588080,科创板50ETF,407592.0,817316.0,200.52
2025-03-21,510050,上证50ETF,1012698.0,848448.0,83.78
2025-03-21,510300,沪深300ETF,853275.0,715186.0,83.82
2025-03-21,510500,中证500ETF,951574.0,854146.0,89.76
2025-03-21,588000,科创50ETF,770193.0,601331.0,78.08
2025-03-21,588080,科创板50ETF,213711.0,227507.0,106.46
2025-03-24,510050,上证50ETF,705486.0,525481.0,74.48
2025-03-24,510300,沪深300ETF,572304.0,494418.0,86.39
2025-03-24,510500,中证500ETF,853862.0,796817.0,93.32
2025-03-24,588000,科创50ETF,631157.0,497803.0,78.87
2025-03-24,588080,科创板50ETF,198146.0,186691.0,94.22
2025-03-25,510050,上证50ETF,515774.0,401786.0,77.9
2025-03-25,510300,沪深300ETF,459992.0,392794.0,85.39
2025-03-25,510500,中证500ETF,726530.0,714067.0,98.28
2025-03-25,588000,科创50ETF,526918.0,476199.0,90.37
2025-03-25,588080,科创板50ETF,176228.0,195614.0,111.0
2025-03-26,510050,上证50ETF,592890.0,553254.0,93.31
2025-03-26,510300,沪深300ETF,502182.0,431015.0,85.83
2025-03-26,510500,中证500ETF,639034.0,543651.0,85.07
2025-03-26,588000,科创50ETF,451621.0,308217.0,68.25
2025-03-26,588080,科创板50ETF,148333.0,135693.0,91.48
2025-03-27,510050,上证50ETF,513950.0,429042.0,83.48
2025-03-27,510300,沪深300ETF,482161.0,419782.0,87.06
2025-03-27,510500,中证500ETF,588856.0,595302.0,101.09
2025-03-27,588000,科创50ETF,550568.0,378543.0,68.75
2025-03-27,588080,科创板50ETF,172142.0,109045.0,63.35
2025-03-28,510050,上证50ETF,450785.0,417867.0,92.7
2025-03-28,510300,沪深300ETF,443164.0,360449.0,81.34
2025-03-28,510500,中证500ETF,509383.0,515986.0,101.3
2025-03-28,588000,科创50ETF,340518.0,286987.0,84.28
2025-03-28,588080,科创板50ETF,94356.0,84529.0,89.59
2025-03-31,510050,上证50ETF,615418.0,550208.0,89.4
2025-03-31,510300,沪深300ETF,534132.0,520371.0,97.42
2025-03-31,510500,中证500ETF,642349.0,680265.0,105.9
2025-03-31,588000,科创50ETF,432493.0,421868.0,97.54
2025-03-31,588080,科创板50ETF,128330.0,130983.0,102.07
2025-04-01,510050,上证50ETF,325490.0,282542.0,86.81
2025-04-01,510300,沪深300ETF,310672.0,286366.0,92.18
2025-04-01,510500,中证500ETF,491402.0,467278.0,95.09
2025-04-01,588000,科创50ETF,332403.0,239785.0,72.14
2025-04-01,588080,科创板50ETF,99551.0,79366.0,79.72
2025-04-02,510050,上证50ETF,292415.0,265231.0,90.7
2025-04-02,510300,沪深300ETF,275472.0,256196.0,93.0
2025-04-02,510500,中证500ETF,408738.0,408252.0,99.88
2025-04-02,588000,科创50ETF,232221.0,196377.0,84.56
2025-04-02,588080,科创板50ETF,58644.0,50998.0,86.96
2025-04-03,510050,上证50ETF,501519.0,502185.0,100.13
2025-04-03,510300,沪深300ETF,489254.0,518297.0,105.94
2025-04-03,510500,中证500ETF,649962.0,727003.0,111.85
2025-04-03,588000,科创50ETF,377045.0,328722.0,87.18
2025-04-03,588080,科创板50ETF,110331.0,101924.0,92.38
2025-04-07,510050,上证50ETF,1418648.0,1115519.0,78.63
2025-04-07,510300,沪深300ETF,1258871.0,896360.0,71.2
2025-04-07,510500,中证500ETF,944896.0,904772.0,95.75
2025-04-07,588000,科创50ETF,1111465.0,1224928.0,110.21
2025-04-07,588080,科创板50ETF,201778.0,244054.0,120.95
2025-04-08,510050,上证50ETF,952412.0,746125.0,78.34
2025-04-08,510300,沪深300ETF,804145.0,744387.0,92.57
2025-04-08,510500,中证500ETF,813860.0,850629.0,104.52
2025-04-08,588000,科创50ETF,652257.0,707808.0,108.52
2025-04-08,588080,科创板50ETF,168654.0,174122.0,103.24
2025-04-09,510050,上证50ETF,834037.0,718238.0,86.12
2025-04-09,510300,沪深300ETF,762863.0,641548.0,84.1
2025-04-09,510500,中证500ETF,1005820.0,942243.0,93.68
2025-04-09,588000,科创50ETF,905382.0,876897.0,96.85
2025-04-09,588080,科创板50ETF,206379.0,197689.0,95.79
2025-04-10,510050,上证50ETF,752633.0,594224.0,78.95
2025-04-10,510300,沪深300ETF,756192.0,627185.0,82.94
2025-04-10,510500,中证500ETF,912688.0,742103.0,81.31
2025-04-10,588000,科创50ETF,630946.0,518409.0,82.16
2025-04-10,588080,科创板50ETF,163891.0,133989.0,81.75
2025-04-11,510050,上证50ETF,631330.0,525199.0,83.19
2025-04-11,510300,沪深300ETF,554620.0,512058.0,92.33
2025-04-11,510500,中证500ETF,741122.0,712658.0,96.16
2025-04-11,588000,科创50ETF,764046.0,625877.0,81.92
2025-04-11,588080,科创板50ETF,201387.0,155385.0,77.16
2025-04-14,510050,上证50ETF,495478.0,451959.0,91.22
2025-04-14,510300,沪深300ETF,497112.0,551825.0,111.01
2025-04-14,510500,中证500ETF,566249.0,594681.0,105.02
2025-04-14,588000,科创50ETF,490866.0,420797.0,85.73
2025-04-14,588080,科创板50ETF,157318.0,120901.0,76.85
2025-04-15,510050,上证50ETF,531891.0,518360.0,97.46
2025-04-15,510300,沪深300ETF,528172.0,557078.0,105.47
2025-04-15,510500,中证500ETF,559498.0,612496.0,109.47
2025-04-15,588000,科创50ETF,447103.0,404450.0,90.46
2025-04-15,588080,科创板50ETF,156550.0,150491.0,96.13
2025-04-16,510050,上证50ETF,643773.0,641742.0,99.68
2025-04-16,510300,沪深300ETF,693377.0,675868.0,97.47
2025-04-16,510500,中证500ETF,772376.0,860506.0,111.41
2025-04-16,588000,科创50ETF,485991.0,482123.0,99.2
2025-04-16,588080,科创板50ETF,173670.0,165818.0,95.48
2025-04-17,510050,上证50ETF,667890.0,537674.0,80.5
2025-04-17,510300,沪深300ETF,648052.0,566376.0,87.4
2025-04-17,510500,中证500ETF,657320.0,685506.0,104.29
2025-04-17,588000,科创50ETF,825838.0,718347.0,86.98
2025-04-17,588080,科创板50ETF,297543.0,310981.0,104.52
2025-04-18,510050,上证50ETF,607157.0,517865.0,85.29
2025-04-18,510300,沪深300ETF,638287.0,477771.0,74.85
2025-04-18,510500,中证500ETF,732624.0,638909.0,87.21
2025-04-18,588000,科创50ETF,401436.0,332926.0,82.93
2025-04-18,588080,科创板50ETF,138096.0,224729.0,162.73
2025-04-21,510050,上证50ETF,524202.0,431240.0,82.27
2025-04-21,510300,沪深300ETF,478652.0,396397.0,82.82
2025-04-21,510500,中证500ETF,679210.0,636042.0,93.64
2025-04-21,588000,科创50ETF,350133.0,270056.0,77.13
2025-04-21,588080,科创板50ETF,91416.0,69972.0,76.54
2025-04-22,510050,上证50ETF,435342.0,353590.0,81.22
2025-04-22,510300,沪深300ETF,384011.0,311010.0,80.99
2025-04-22,510500,中证500ETF,477179.0,466290.0,97.72
2025-04-22,588000,科创50ETF,399266.0,308028.0,77.15
2025-04-22,588080,科创板50ETF,126904.0,91557.0,72.15
2025-04-23,510050,上证50ETF,495698.0,407831.0,82.27
2025-04-23,510300,沪深300ETF,477805.0,383831.0,80.33
2025-04-23,510500,中证500ETF,606054.0,477912.0,78.86
2025-04-23,588000,科创50ETF,377482.0,269678.0,71.44
2025-04-23,588080,科创板50ETF,109463.0,68743.0,62.8
2025-04-24,510050,上证50ETF,312255.0,317136.0,101.56
2025-04-24,510300,沪深300ETF,321428.0,324163.0,100.85
2025-04-24,510500,中证500ETF,412803.0,408036.0,98.85
2025-04-24,588000,科创50ETF,248660.0,229510.0,92.3
2025-04-24,588080,科创板50ETF,57504.0,59229.0,103.0
2025-04-25,510050,上证50ETF,292432.0,278421.0,95.21
2025-04-25,510300,沪深300ETF,298318.0,295602.0,99.09
2025-04-25,510500,中证500ETF,501788.0,451063.0,89.89
2025-04-25,588000,科创50ETF,248808.0,196128.0,78.83
2025-04-25,588080,科创板50ETF,57013.0,37223.0,65.29
2025-04-28,510050,上证50ETF,262175.0,269308.0,102.72
2025-04-28,510300,沪深300ETF,232337.0,225741.0,97.16
2025-04-28,510500,中证500ETF,352670.0,345436.0,97.95
2025-04-28,588000,科创50ETF,172485.0,138829.0,80.49
2025-04-28,588080,科创板50ETF,46797.0,33911.0,72.46
2025-04-29,510050,上证50ETF,233092.0,227373.0,97.55
2025-04-29,510300,沪深300ETF,203534.0,189738.0,93.22
2025-04-29,510500,中证500ETF,338764.0,312983.0,92.39
2025-04-29,588000,科创50ETF,157948.0,132425.0,83.84
2025-04-29,588080,科创板50ETF,29282.0,23683.0,80.88
2025-04-30,510050,上证50ETF,340184.0,320683.0,94.27
2025-04-30,510300,沪深300ETF,234861.0,218015.0,92.83
2025-04-30,510500,中证500ETF,375850.0,323717.0,86.13
2025-04-30,588000,科创50ETF,182903.0,150659.0,82.37
2025-04-30,588080,科创板50ETF,36212.0,32339.0,89.3
2025-05-06,510050,上证50ETF,415886.0,413619.0,99.45
2025-05-06,510300,沪深300ETF,394520.0,418438.0,106.06
2025-05-06,510500,中证500ETF,506500.0,506624.0,100.02
2025-05-06,588000,科创50ETF,304799.0,290451.0,95.29
2025-05-06,588080,科创板50ETF,76409.0,55722.0,72.93
2025-05-07,510050,上证50ETF,526672.0,439125.0,83.38
2025-05-07,510300,沪深300ETF,464840.0,376275.0,80.95
2025-05-07,510500,中证500ETF,759866.0,543288.0,71.5
2025-05-07,588000,科创50ETF,452384.0,265109.0,58.6
2025-05-07,588080,科创板50ETF,98361.0,53499.0,54.39
2025-05-08,510050,上证50ETF,603056.0,597289.0,99.04
2025-05-08,510300,沪深300ETF,467144.0,427289.0,91.47
2025-05-08,510500,中证500ETF,601263.0,539540.0,89.73
2025-05-08,588000,科创50ETF,249581.0,175816.0,70.44
2025-05-08,588080,科创板50ETF,64971.0,53044.0,81.64
2025-05-09,510050,上证50ETF,219504.0,255543.0,116.42
2025-05-09,510300,沪深300ETF,250857.0,256401.0,102.21
2025-05-09,510500,中证500ETF,544905.0,475584.0,87.28
2025-05-09,588000,科创50ETF,309632.0,250801.0,81.0
2025-05-09,588080,科创板50ETF,77041.0,57384.0,74.49
2025-05-12,510050,上证50ETF,540483.0,444551.0,82.25
2025-05-12,510300,沪深300ETF,584194.0,493608.0,84.49
2025-05-12,510500,中证500ETF,729523.0,516515.0,70.8
2025-05-12,588000,科创50ETF,341310.0,197868.0,57.97
2025-05-12,588080,科创板50ETF,108613.0,59947.0,55.19
2025-05-13,510050,上证50ETF,343928.0,330490.0,96.09
2025-05-13,510300,沪深300ETF,419581.0,400006.0,95.33
2025-05-13,510500,中证500ETF,699210.0,522445.0,74.72
2025-05-13,588000,科创50ETF,363653.0,188091.0,51.72
2025-05-13,588080,科创板50ETF,86339.0,42321.0,49.02
2025-05-14,510050,上证50ETF,1133187.0,831438.0,73.37
2025-05-14,510300,沪深300ETF,934216.0,668120.0,71.52
2025-05-14,510500,中证500ETF,1035832.0,771206.0,74.45
2025-05-14,588000,科创50ETF,429178.0,231913.0,54.04
2025-05-14,588080,科创板50ETF,116602.0,50910.0,43.66
2025-05-15,510050,上证50ETF,524398.0,439580.0,83.83
2025-05-15,510300,沪深300ETF,497208.0,392442.0,78.93
2025-05-15,510500,中证500ETF,726661.0,613253.0,84.39
2025-05-15,588000,科创50ETF,288769.0,187141.0,64.81
2025-05-15,588080,科创板50ETF,82517.0,44587.0,54.03
2025-05-16,510050,上证50ETF,523427.0,541755.0,103.5
2025-05-16,510300,沪深300ETF,383016.0,347454.0,90.72
2025-05-16,510500,中证500ETF,538951.0,442875.0,82.17
2025-05-16,588000,科创50ETF,273498.0,169635.0,62.02
2025-05-16,588080,科创板50ETF,80981.0,59800.0,73.84
2025-05-19,510050,上证50ETF,399185.0,410961.0,102.95
2025-05-19,510300,沪深300ETF,372438.0,386202.0,103.7
2025-05-19,510500,中证500ETF,661655.0,564776.0,85.36
2025-05-19,588000,科创50ETF,380732.0,393076.0,103.24
2025-05-19,588080,科创板50ETF,122980.0,176495.0,143.52
2025-05-20,510050,上证50ETF,558834.0,427126.0,76.43
2025-05-20,510300,沪深300ETF,448653.0,416032.0,92.73
2025-05-20,510500,中证500ETF,613511.0,519242.0,84.63
2025-05-20,588000,科创50ETF,276712.0,208851.0,75.48
2025-05-20,588080,科创板50ETF,80291.0,141127.0,175.77
2025-05-21,510050,上证50ETF,540768.0,422494.0,78.13
2025-05-21,510300,沪深300ETF,397781.0,361227.0,90.81
2025-05-21,510500,中证500ETF,500614.0,424484.0,84.79
2025-05-21,588000,科创50ETF,233182.0,146395.0,62.78
2025-05-21,588080,科创板50ETF,50582.0,34071.0,67.36
2025-05-22,510050,上证50ETF,438169.0,429854.0,98.1
2025-05-22,510300,沪深300ETF,349069.0,389138.0,111.48
2025-05-22,510500,中证500ETF,620336.0,645739.0,104.1
2025-05-22,588000,科创50ETF,290164.0,201065.0,69.29
2025-05-22,588080,科创板50ETF,66862.0,51183.0,76.55
2025-05-23,510050,上证50ETF,672460.0,634070.0,94.29
2025-05-23,510300,沪深300ETF,560657.0,605405.0,107.98
2025-05-23,510500,中证500ETF,790760.0,792885.0,100.27
2025-05-23,588000,科创50ETF,432079.0,332984.0,77.07
2025-05-23,588080,科创板50ETF,110909.0,109018.0,98.29
2025-05-26,510050,上证50ETF,541931.0,548011.0,101.12
2025-05-26,510300,沪深300ETF,430967.0,447488.0,103.83
2025-05-26,510500,中证500ETF,579338.0,606257.0,104.65
2025-05-26,588000,科创50ETF,322718.0,257129.0,79.68
2025-05-26,588080,科创板50ETF,91133.0,95928.0,105.26
2025-05-27,510050,上证50ETF,482756.0,517021.0,107.1
2025-05-27,510300,沪深300ETF,363521.0,362222.0,99.64
2025-05-27,510500,中证500ETF,527578.0,537944.0,101.96
2025-05-27,588000,科创50ETF,259383.0,220833.0,85.14
2025-05-27,588080,科创板50ETF,78514.0,89309.0,113.75
2025-05-28,510050,上证50ETF,441244.0,474532.0,107.54
2025-05-28,510300,沪深300ETF,293611.0,293089.0,99.82
2025-05-28,510500,中证500ETF,414771.0,455819.0,109.9
2025-05-28,588000,科创50ETF,209808.0,178365.0,85.01
2025-05-28,588080,科创板50ETF,79206.0,78595.0,99.23
2025-05-29,510050,上证50ETF,453724.0,452070.0,99.64
2025-05-29,510300,沪深300ETF,370512.0,358025.0,96.63
2025-05-29,510500,中证500ETF,699783.0,584671.0,83.55
2025-05-29,588000,科创50ETF,324381.0,220158.0,67.87
2025-05-29,588080,科创板50ETF,86687.0,62351.0,71.93
2025-05-30,510050,上证50ETF,427775.0,490789.0,114.73
2025-05-30,510300,沪深300ETF,332727.0,342565.0,102.96
2025-05-30,510500,中证500ETF,464392.0,463084.0,99.72
2025-05-30,588000,科创50ETF,194170.0,164578.0,84.76
2025-05-30,588080,科创板50ETF,51506.0,49041.0,95.21
2025-06-03,510050,上证50ETF,410510.0,463235.0,112.84
2025-06-03,510300,沪深300ETF,315756.0,325129.0,102.97
2025-06-03,510500,中证500ETF,482825.0,469098.0,97.16
2025-06-03,588000,科创50ETF,208173.0,166813.0,80.13
2025-06-03,588080,科创板50ETF,59269.0,51863.0,87.5
2025-06-04,510050,上证50ETF,325618.0,308925.0,94.87
2025-06-04,510300,沪深300ETF,287080.0,267526.0,93.19
2025-06-04,510500,中证500ETF,490046.0,463911.0,94.67
2025-06-04,588000,科创50ETF,178460.0,131505.0,73.69
2025-06-04,588080,科创板50ETF,51766.0,46248.0,89.34
2025-06-05,510050,上证50ETF,326426.0,271069.0,83.04
2025-06-05,510300,沪深300ETF,312570.0,267695.0,85.64
2025-06-05,510500,中证500ETF,535638.0,506858.0,94.63
2025-06-05,588000,科创50ETF,265757.0,213794.0,80.45
2025-06-05,588080,科创板50ETF,68348.0,56431.0,82.56
2025-06-06,510050,上证50ETF,306297.0,259733.0,84.8
2025-06-06,510300,沪深300ETF,236795.0,206652.0,87.27
2025-06-06,510500,中证500ETF,364009.0,361103.0,99.2
2025-06-06,588000,科创50ETF,224609.0,167104.0,74.4
2025-06-06,588080,科创板50ETF,69650.0,38251.0,54.92
2025-06-09,510050,上证50ETF,411175.0,386042.0,93.89
2025-06-09,510300,沪深300ETF,361925.0,307093.0,84.85
2025-06-09,510500,中证500ETF,589922.0,518178.0,87.84
2025-06-09,588000,科创50ETF,256807.0,203235.0,79.14
2025-06-09,588080,科创板50ETF,79269.0,75481.0,95.22
2025-06-10,510050,上证50ETF,537174.0,550289.0,102.44
2025-06-10,510300,沪深300ETF,446001.0,437010.0,97.98
2025-06-10,510500,中证500ETF,686299.0,671057.0,97.78
2025-06-10,588000,科创50ETF,415368.0,327995.0,78.96
2025-06-10,588080,科创板50ETF,109124.0,109755.0,100.58
2025-06-11,510050,上证50ETF,516233.0,447277.0,86.64
2025-06-11,510300,沪深300ETF,515043.0,411319.0,79.86
2025-06-11,510500,中证500ETF,666776.0,529361.0,79.39
2025-06-11,588000,科创50ETF,254845.0,169783.0,66.62
2025-06-11,588080,科创板50ETF,67088.0,61234.0,91.27
2025-06-12,510050,上证50ETF,371286.0,355135.0,95.65
2025-06-12,510300,沪深300ETF,334325.0,295197.0,88.3
2025-06-12,510500,中证500ETF,570631.0,516633.0,90.54
2025-06-12,588000,科创50ETF,190450.0,138867.0,72.92
2025-06-12,588080,科创板50ETF,44315.0,37998.0,85.75
2025-06-13,510050,上证50ETF,469444.0,466694.0,99.41
2025-06-13,510300,沪深300ETF,436698.0,450630.0,103.19
2025-06-13,510500,中证500ETF,701018.0,827397.0,118.03
2025-06-13,588000,科创50ETF,282884.0,261844.0,92.56
2025-06-13,588080,科创板50ETF,88541.0,92839.0,104.85
2025-06-16,510050,上证50ETF,468316.0,481029.0,102.71
2025-06-16,510300,沪深300ETF,345890.0,357054.0,103.23
2025-06-16,510500,中证500ETF,582190.0,567237.0,97.43
2025-06-16,588000,科创50ETF,151180.0,131738.0,87.14
2025-06-16,588080,科创板50ETF,45652.0,33778.0,73.99
2025-06-17,510050,上证50ETF,370013.0,414703.0,112.08
2025-06-17,510300,沪深300ETF,359606.0,313979.0,87.31
2025-06-17,510500,中证500ETF,656665.0,609575.0,92.83
2025-06-17,588000,科创50ETF,269245.0,184522.0,68.53
2025-06-17,588080,科创板50ETF,68307.0,66048.0,96.69
2025-06-18,510050,上证50ETF,465943.0,424154.0,91.03
2025-06-18,510300,XD沪深300ETF,534652.0,507748.0,94.97
2025-06-18,510500,中证500ETF,927384.0,808724.0,87.2
2025-06-18,588000,科创50ETF,276634.0,285618.0,103.25
2025-06-18,588080,科创板50ETF,70953.0,58539.0,82.5
2025-06-19,510050,上证50ETF,566058.0,585377.0,103.41
2025-06-19,510300,沪深300ETF,586407.0,610895.0,104.18
2025-06-19,510500,中证500ETF,967933.0,926627.0,95.73
2025-06-19,588000,科创50ETF,377091.0,323773.0,85.86
2025-06-19,588080,科创板50ETF,90446.0,136886.0,151.35
2025-06-20,510050,上证50ETF,490284.0,520960.0,106.26
2025-06-20,510300,沪深300ETF,412805.0,451182.0,109.3
2025-06-20,510500,中证500ETF,888040.0,867644.0,97.7
2025-06-20,588000,科创50ETF,304240.0,189154.0,62.17
2025-06-20,588080,科创板50ETF,69472.0,67270.0,96.83
2025-06-23,510050,上证50ETF,624093.0,725336.0,116.22
2025-06-23,510300,沪深300ETF,496145.0,513612.0,103.52
2025-06-23,510500,中证500ETF,717607.0,812653.0,113.24
2025-06-23,588000,科创50ETF,305823.0,265650.0,86.86
2025-06-23,588080,科创板50ETF,65758.0,49258.0,74.91
2025-06-24,510050,上证50ETF,885162.0,733056.0,82.82
2025-06-24,510300,沪深300ETF,753793.0,586409.0,77.79
2025-06-24,510500,中证500ETF,969519.0,807915.0,83.33
2025-06-24,588000,科创50ETF,512210.0,281100.0,54.88
2025-06-24,588080,科创板50ETF,127254.0,77033.0,60.53
2025-06-25,510050,上证50ETF,1020870.0,663315.0,64.98
2025-06-25,510300,沪深300ETF,944085.0,562681.0,59.6
2025-06-25,510500,中证500ETF,1099734.0,723085.0,65.75
2025-06-25,588000,科创50ETF,784153.0,318707.0,40.64
2025-06-25,588080,科创板50ETF,172242.0,95568.0,55.48
2025-06-26,510050,上证50ETF,517402.0,409847.0,79.21
2025-06-26,510300,沪深300ETF,553296.0,389677.0,70.43
2025-06-26,510500,中证500ETF,667358.0,456015.0,68.33
2025-06-26,588000,科创50ETF,590006.0,268014.0,45.43
2025-06-26,588080,科创板50ETF,154548.0,70569.0,45.66
2025-06-27,510050,上证50ETF,718154.0,679564.0,94.63
2025-06-27,510300,沪深300ETF,691584.0,508702.0,73.56
2025-06-27,510500,中证500ETF,795984.0,501792.0,63.04
2025-06-27,588000,科创50ETF,453334.0,211989.0,46.76
2025-06-27,588080,科创板50ETF,102617.0,67866.0,66.14
2025-06-30,510050,上证50ETF,397080.0,355800.0,89.6
2025-06-30,510300,沪深300ETF,420950.0,367182.0,87.23
2025-06-30,510500,中证500ETF,578420.0,436794.0,75.52
2025-06-30,588000,科创50ETF,331638.0,186310.0,56.18
2025-06-30,588080,科创板50ETF,64414.0,40198.0,62.41
2025-07-01,510050,上证50ETF,297597.0,307986.0,103.49
2025-07-01,510300,沪深300ETF,306690.0,309157.0,100.8
2025-07-01,510500,中证500ETF,488668.0,426521.0,87.28
2025-07-01,588000,科创50ETF,236535.0,142473.0,60.23
2025-07-01,588080,科创板50ETF,65828.0,34544.0,52.48
2025-07-02,510050,上证50ETF,360376.0,317804.0,88.19
2025-07-02,510300,沪深300ETF,320561.0,369094.0,115.14
2025-07-02,510500,中证500ETF,451159.0,405290.0,89.83
2025-07-02,588000,科创50ETF,279268.0,173818.0,62.24
2025-07-02,588080,科创板50ETF,55900.0,50202.0,89.81
2025-07-03,510050,上证50ETF,349778.0,358072.0,102.37
2025-07-03,510300,沪深300ETF,429215.0,362676.0,84.5
2025-07-03,510500,中证500ETF,569823.0,495980.0,87.04
2025-07-03,588000,科创50ETF,244167.0,129424.0,53.01
2025-07-03,588080,科创板50ETF,49926.0,32267.0,64.63
2025-07-04,510050,上证50ETF,928945.0,737801.0,79.42
2025-07-04,510300,沪深300ETF,966829.0,633485.0,65.52
2025-07-04,510500,中证500ETF,890855.0,736128.0,82.63
2025-07-04,588000,科创50ETF,530167.0,273165.0,51.52
2025-07-04,588080,科创板50ETF,147193.0,74853.0,50.85
2025-07-07,510050,上证50ETF,338269.0,345554.0,102.15
2025-07-07,510300,沪深300ETF,400325.0,320558.0,80.07
2025-07-07,510500,中证500ETF,405173.0,417954.0,103.15
2025-07-07,588000,科创50ETF,175107.0,108203.0,61.79
2025-07-07,588080,科创板50ETF,42839.0,30244.0,70.6
2025-07-08,510050,上证50ETF,633911.0,471786.0,74.42
2025-07-08,510300,沪深300ETF,772091.0,482111.0,62.44
2025-07-08,510500,中证500ETF,936489.0,740532.0,79.08
2025-07-08,588000,科创50ETF,416299.0,214746.0,51.58
2025-07-08,588080,科创板50ETF,93754.0,62899.0,67.09
2025-07-09,510050,上证50ETF,522285.0,456042.0,87.32
2025-07-09,510300,沪深300ETF,621685.0,430025.0,69.17
2025-07-09,510500,中证500ETF,767206.0,495491.0,64.58
2025-07-09,588000,科创50ETF,357267.0,164829.0,46.14
2025-07-09,588080,科创板50ETF,89609.0,49900.0,55.69
2025-07-10,510050,上证50ETF,830261.0,666537.0,80.28
2025-07-10,510300,沪深300ETF,721115.0,516151.0,71.58
2025-07-10,510500,中证500ETF,724394.0,592267.0,81.76
2025-07-10,588000,科创50ETF,379587.0,194979.0,51.37
2025-07-10,588080,科创板50ETF,81557.0,37372.0,45.82
2025-07-11,510050,上证50ETF,1605631.0,1199300.0,74.69
2025-07-11,510300,沪深300ETF,1513704.0,906420.0,59.88
2025-07-11,510500,中证500ETF,1279882.0,882721.0,68.97
2025-07-11,588000,科创50ETF,961806.0,384706.0,40.0
2025-07-11,588080,科创板50ETF,226436.0,93968.0,41.5
2025-07-14,510050,上证50ETF,539811.0,464754.0,86.1
2025-07-14,510300,沪深300ETF,464331.0,370822.0,79.86
2025-07-14,510500,中证500ETF,540275.0,469098.0,86.83
2025-07-14,588000,科创50ETF,464469.0,200373.0,43.14
2025-07-14,588080,科创板50ETF,100557.0,45051.0,44.8
2025-07-15,510050,上证50ETF,833562.0,828163.0,99.35
2025-07-15,510300,沪深300ETF,926783.0,867200.0,93.57
2025-07-15,510500,中证500ETF,875783.0,820394.0,93.68
2025-07-15,588000,科创50ETF,676898.0,320700.0,47.38
2025-07-15,588080,科创板50ETF,131664.0,65369.0,49.65
2025-07-16,510050,上证50ETF,626378.0,672527.0,107.37
2025-07-16,510300,沪深300ETF,766800.0,845873.0,110.31
2025-07-16,510500,中证500ETF,924557.0,813248.0,87.96
2025-07-16,588000,科创50ETF,797815.0,392979.0,49.26
2025-07-16,588080,科创板50ETF,148735.0,65346.0,43.93
2025-07-17,510050,上证50ETF,588267.0,524747.0,89.2
2025-07-17,510300,沪深300ETF,694841.0,750714.0,108.04
2025-07-17,510500,中证500ETF,877384.0,769302.0,87.68
2025-07-17,588000,科创50ETF,717903.0,616631.0,85.89
2025-07-17,588080,科创板50ETF,115147.0,64650.0,56.15
2025-07-18,510050,上证50ETF,967824.0,772902.0,79.86
2025-07-18,510300,沪深300ETF,1008644.0,766646.0,76.01
2025-07-18,510500,中证500ETF,1036731.0,706938.0,68.19
2025-07-18,588000,科创50ETF,938820.0,671449.0,71.52
2025-07-18,588080,科创板50ETF,130822.0,69534.0,53.15
2025-07-21,510050,上证50ETF,739649.0,454711.0,61.48
2025-07-21,510300,沪深300ETF,736979.0,506439.0,68.72
2025-07-21,510500,中证500ETF,825613.0,590698.0,71.55
2025-07-21,588000,科创50ETF,427350.0,232067.0,54.3
2025-07-21,588080,科创板50ETF,92649.0,44838.0,48.4
2025-07-22,510050,上证50ETF,1044592.0,702825.0,67.28
2025-07-22,510300,沪深300ETF,1079654.0,676966.0,62.7
2025-07-22,510500,中证500ETF,1077674.0,830645.0,77.08
2025-07-22,588000,科创50ETF,713253.0,325964.0,45.7
2025-07-22,588080,科创板50ETF,157946.0,66532.0,42.12
2025-07-23,510050,上证50ETF,1293033.0,762595.0,58.98
2025-07-23,510300,沪深300ETF,1271483.0,766511.0,60.28
2025-07-23,510500,中证500ETF,1112545.0,699141.0,62.84
2025-07-23,588000,科创50ETF,944671.0,348396.0,36.88
2025-07-23,588080,科创板50ETF,287852.0,90574.0,31.47
2025-07-24,510050,上证50ETF,521231.0,465870.0,89.38
2025-07-24,510300,沪深300ETF,585367.0,594476.0,101.56
2025-07-24,510500,中证500ETF,682789.0,516083.0,75.58
2025-07-24,588000,科创50ETF,452579.0,264303.0,58.4
2025-07-24,588080,科创板50ETF,117451.0,58919.0,50.16
2025-07-25,510050,上证50ETF,480369.0,400030.0,83.28
2025-07-25,510300,沪深300ETF,373455.0,334982.0,89.7
2025-07-25,510500,中证500ETF,532879.0,407181.0,76.41
2025-07-25,588000,科创50ETF,675835.0,358337.0,53.02
2025-07-25,588080,科创板50ETF,142612.0,71170.0,49.9
2025-07-28,510050,上证50ETF,418294.0,408865.0,97.75
2025-07-28,510300,沪深300ETF,382802.0,466617.0,121.9
2025-07-28,510500,中证500ETF,558383.0,460608.0,82.49
2025-07-28,588000,科创50ETF,584483.0,307411.0,52.6
2025-07-28,588080,科创板50ETF,131549.0,71775.0,54.56
2025-07-29,510050,上证50ETF,409206.0,379485.0,92.74
2025-07-29,510300,沪深300ETF,399552.0,391924.0,98.09
2025-07-29,510500,中证500ETF,680822.0,498232.0,73.18
2025-07-29,588000,科创50ETF,574953.0,339633.0,59.07
2025-07-29,588080,科创板50ETF,123064.0,79086.0,64.26
2025-07-30,510050,上证50ETF,931754.0,792967.0,85.1
2025-07-30,510300,沪深300ETF,685849.0,701853.0,102.33
2025-07-30,510500,中证500ETF,796108.0,753275.0,94.62
2025-07-30,588000,科创50ETF,711789.0,401743.0,56.44
2025-07-30,588080,科创板50ETF,149690.0,94812.0,63.34
2025-07-31,510050,上证50ETF,855907.0,792280.0,92.57
2025-07-31,510300,沪深300ETF,782610.0,843885.0,107.83
2025-07-31,510500,中证500ETF,855047.0,932321.0,109.04
2025-07-31,588000,科创50ETF,752422.0,464561.0,61.74
2025-07-31,588080,科创板50ETF,152604.0,96174.0,63.02
2025-08-01,510050,上证50ETF,599746.0,657708.0,109.66
2025-08-01,510300,沪深300ETF,545411.0,628398.0,115.22
2025-08-01,510500,中证500ETF,617513.0,612431.0,99.18
2025-08-01,588000,科创50ETF,644242.0,380665.0,59.09
2025-08-01,588080,科创板50ETF,128812.0,91237.0,70.83
2025-08-04,510050,上证50ETF,378467.0,403671.0,106.66
2025-08-04,510300,沪深300ETF,383934.0,430582.0,112.15
2025-08-04,510500,中证500ETF,622872.0,583358.0,93.66
2025-08-04,588000,科创50ETF,363221.0,402979.0,110.95
2025-08-04,588080,科创板50ETF,70504.0,52195.0,74.03
2025-08-05,510050,上证50ETF,463691.0,455400.0,98.21
2025-08-05,510300,沪深300ETF,431417.0,444522.0,103.04
2025-08-05,510500,中证500ETF,553911.0,559198.0,100.95
2025-08-05,588000,科创50ETF,284720.0,176249.0,61.9
2025-08-05,588080,科创板50ETF,71099.0,54835.0,77.12
2025-08-06,510050,上证50ETF,362866.0,339332.0,93.51
2025-08-06,510300,沪深300ETF,327544.0,352680.0,107.67
2025-08-06,510500,中证500ETF,710041.0,600597.0,84.59
2025-08-06,588000,科创50ETF,272385.0,180259.0,66.18
2025-08-06,588080,科创板50ETF,53963.0,39538.0,73.27
2025-08-07,510050,上证50ETF,495213.0,426442.0,86.11
2025-08-07,510300,沪深300ETF,452314.0,467081.0,103.26
2025-08-07,510500,中证500ETF,708077.0,668819.0,94.46
2025-08-07,588000,科创50ETF,485646.0,305616.0,62.93
2025-08-07,588080,科创板50ETF,114573.0,75281.0,65.71
2025-08-08,510050,上证50ETF,357806.0,330320.0,92.32
2025-08-08,510300,沪深300ETF,368040.0,409915.0,111.38
2025-08-08,510500,中证500ETF,627572.0,671272.0,106.96
2025-08-08,588000,科创50ETF,377375.0,257443.0,68.22
2025-08-08,588080,科创板50ETF,71832.0,71592.0,99.67
2025-08-11,510050,上证50ETF,481453.0,425737.0,88.43
2025-08-11,510300,沪深300ETF,529795.0,492725.0,93.0
2025-08-11,510500,中证500ETF,825174.0,654436.0,79.31
2025-08-11,588000,科创50ETF,319399.0,216284.0,67.72
2025-08-11,588080,科创板50ETF,75323.0,43539.0,57.8
2025-08-12,510050,上证50ETF,713251.0,561954.0,78.79
2025-08-12,510300,沪深300ETF,578622.0,517353.0,89.41
2025-08-12,510500,中证500ETF,723622.0,559409.0,77.31
2025-08-12,588000,科创50ETF,900233.0,527395.0,58.58
2025-08-12,588080,科创板50ETF,191685.0,114883.0,59.93
2025-08-13,510050,上证50ETF,922352.0,630732.0,68.38
2025-08-13,510300,沪深300ETF,898512.0,705511.0,78.52
2025-08-13,510500,中证500ETF,1249883.0,916859.0,73.36
2025-08-13,588000,科创50ETF,909085.0,494520.0,54.4
2025-08-13,588080,科创板50ETF,193244.0,78025.0,40.38
2025-08-14,510050,上证50ETF,1363895.0,932435.0,68.37
2025-08-14,510300,沪深300ETF,1105132.0,890109.0,80.54
2025-08-14,510500,中证500ETF,1165202.0,1000085.0,85.83
2025-08-14,588000,科创50ETF,1503229.0,715977.0,47.63
2025-08-14,588080,科创板50ETF,368003.0,157355.0,42.76
2025-08-15,510050,上证50ETF,1136215.0,739987.0,65.13
2025-08-15,510300,沪深300ETF,972710.0,849303.0,87.31
2025-08-15,510500,中证500ETF,1347286.0,997545.0,74.04
2025-08-15,588000,科创50ETF,911842.0,393204.0,43.12
2025-08-15,588080,科创板50ETF,206324.0,92637.0,44.9
2025-08-18,510050,上证50ETF,1230791.0,790437.0,64.22
2025-08-18,510300,沪深300ETF,1154952.0,940112.0,81.4
2025-08-18,510500,中证500ETF,1521189.0,1075326.0,70.69
2025-08-18,588000,科创50ETF,1442283.0,971927.0,67.39
2025-08-18,588080,科创板50ETF,352950.0,174439.0,49.42
2025-08-19,510050,上证50ETF,974849.0,780802.0,80.09
2025-08-19,510300,沪深300ETF,742591.0,820404.0,110.48
2025-08-19,510500,中证500ETF,1207238.0,863078.0,71.49
2025-08-19,588000,科创50ETF,905499.0,488779.0,53.98
2025-08-19,588080,科创板50ETF,230189.0,118498.0,51.48
2025-08-20,510050,上证50ETF,899894.0,809445.0,89.95
2025-08-20,510300,沪深300ETF,852782.0,1034603.0,121.32
2025-08-20,510500,中证500ETF,1364516.0,1067147.0,78.21
2025-08-20,588000,科创50ETF,1342641.0,710951.0,52.95
2025-08-20,588080,科创板50ETF,283610.0,231242.0,81.54
2025-08-21,510050,上证50ETF,865350.0,628954.0,72.68
2025-08-21,510300,沪深300ETF,879230.0,628676.0,71.5
2025-08-21,510500,中证500ETF,1223236.0,905532.0,74.03
2025-08-21,588000,科创50ETF,1255399.0,626058.0,49.87
2025-08-21,588080,科创板50ETF,292327.0,124800.0,42.69
2025-08-22,510050,上证50ETF,1325218.0,845671.0,63.81
2025-08-22,510300,沪深300ETF,1139756.0,804914.0,70.62
2025-08-22,510500,中证500ETF,1399534.0,1080066.0,77.17
2025-08-22,588000,科创50ETF,2454647.0,1251530.0,50.99
2025-08-22,588080,科创板50ETF,642194.0,351402.0,54.72
2025-08-25,510050,上证50ETF,1454708.0,860766.0,59.17
2025-08-25,510300,沪深300ETF,1347687.0,895776.0,66.47
2025-08-25,510500,中证500ETF,1560410.0,1177471.0,75.46
2025-08-25,588000,科创50ETF,2101718.0,1141418.0,54.31
2025-08-25,588080,科创板50ETF,496848.0,241990.0,48.71
2025-08-26,510050,上证50ETF,945032.0,669594.0,70.85
2025-08-26,510300,沪深300ETF,876189.0,555159.0,63.36
2025-08-26,510500,中证500ETF,1280531.0,1034151.0,80.76
2025-08-26,588000,科创50ETF,1119955.0,656724.0,58.64
2025-08-26,588080,科创板50ETF,291351.0,164112.0,56.33
2025-08-27,510050,上证50ETF,1065221.0,778069.0,73.04
2025-08-27,510300,沪深300ETF,980266.0,777839.0,79.35
2025-08-27,510500,中证500ETF,1156185.0,1042789.0,90.19
2025-08-27,588000,科创50ETF,1816769.0,1051575.0,57.88
2025-08-27,588080,科创板50ETF,491805.0,255790.0,52.01
2025-08-28,510050,上证50ETF,884757.0,707733.0,79.99
2025-08-28,510300,沪深300ETF,933624.0,839194.0,89.89
2025-08-28,510500,中证500ETF,1148461.0,1232778.0,107.34
2025-08-28,588000,科创50ETF,1606505.0,1041200.0,64.81
2025-08-28,588080,科创板50ETF,395738.0,257065.0,64.96
2025-08-29,510050,上证50ETF,980491.0,650308.0,66.32
2025-08-29,510300,沪深300ETF,968928.0,785823.0,81.1
2025-08-29,510500,中证500ETF,1005774.0,974545.0,96.9
2025-08-29,588000,科创50ETF,1358598.0,843264.0,62.07
2025-08-29,588080,科创板50ETF,313404.0,209988.0,67.0
2025-09-01,510050,上证50ETF,532900.0,425432.0,79.83
2025-09-01,510300,沪深300ETF,544672.0,526904.0,96.74
2025-09-01,510500,中证500ETF,690578.0,665105.0,96.31
2025-09-01,588000,科创50ETF,1042761.0,673460.0,64.58
2025-09-01,588080,科创板50ETF,226949.0,166805.0,73.5
2025-09-02,510050,上证50ETF,762350.0,614656.0,80.63
2025-09-02,510300,沪深300ETF,788400.0,804431.0,102.03
2025-09-02,510500,中证500ETF,1128139.0,1310689.0,116.18
2025-09-02,588000,科创50ETF,1166572.0,981896.0,84.17
2025-09-02,588080,科创板50ETF,258378.0,214828.0,83.14
2025-09-03,510050,上证50ETF,963841.0,729949.0,75.73
2025-09-03,510300,沪深300ETF,798796.0,768151.0,96.16
2025-09-03,510500,中证500ETF,1092408.0,1220648.0,111.74
2025-09-03,588000,科创50ETF,1078045.0,751998.0,69.76
2025-09-03,588080,科创板50ETF,221575.0,150660.0,68.0
2025-09-04,510050,上证50ETF,965523.0,909842.0,94.23
2025-09-04,510300,沪深300ETF,886118.0,1033620.0,116.65
2025-09-04,510500,中证500ETF,1214160.0,1405393.0,115.75
2025-09-04,588000,科创50ETF,1430658.0,1621240.0,113.32
2025-09-04,588080,科创板50ETF,320343.0,350931.0,109.55
2025-09-05,510050,上证50ETF,769080.0,614355.0,79.88
2025-09-05,510300,沪深300ETF,839220.0,881075.0,104.99
2025-09-05,510500,中证500ETF,1206408.0,1038735.0,86.1
2025-09-05,588000,科创50ETF,1261290.0,859678.0,68.16
2025-09-05,588080,科创板50ETF,297366.0,183931.0,61.85
2025-09-08,510050,上证50ETF,502298.0,442440.0,88.08
2025-09-08,510300,沪深300ETF,613730.0,536510.0,87.42
2025-09-08,510500,中证500ETF,804619.0,786582.0,97.76
2025-09-08,588000,科创50ETF,791044.0,540796.0,68.36
2025-09-08,588080,科创板50ETF,170749.0,112623.0,65.96
2025-09-09,510050,上证50ETF,543699.0,542957.0,99.86
2025-09-09,510300,沪深300ETF,583818.0,619546.0,106.12
2025-09-09,510500,中证500ETF,752512.0,865357.0,115.0
2025-09-09,588000,科创50ETF,756141.0,582112.0,76.98
2025-09-09,588080,科创板50ETF,186232.0,135068.0,72.53
2025-09-10,510050,上证50ETF,482688.0,476193.0,98.65
2025-09-10,510300,沪深300ETF,576758.0,576859.0,100.02
2025-09-10,510500,中证500ETF,836472.0,860302.0,102.85
2025-09-10,588000,科创50ETF,805264.0,535152.0,66.46
2025-09-10,588080,科创板50ETF,172911.0,100129.0,57.91
2025-09-11,510050,上证50ETF,919986.0,683865.0,74.33
2025-09-11,510300,沪深300ETF,1004485.0,940411.0,93.62
2025-09-11,510500,中证500ETF,1235376.0,1075890.0,87.09
2025-09-11,588000,科创50ETF,1885230.0,1037514.0,55.03
2025-09-11,588080,科创板50ETF,408935.0,225498.0,55.14
2025-09-12,510050,上证50ETF,669877.0,445758.0,66.54
2025-09-12,510300,沪深300ETF,762763.0,579479.0,75.97
2025-09-12,510500,中证500ETF,1171014.0,941816.0,80.43
2025-09-12,588000,科创50ETF,1509312.0,1450827.0,96.13
2025-09-12,588080,科创板50ETF,309397.0,175820.0,56.83
2025-09-15,510050,上证50ETF,476249.0,397117.0,83.38
2025-09-15,510300,沪深300ETF,577713.0,536627.0,92.89
2025-09-15,510500,中证500ETF,671471.0,691604.0,103.0
2025-09-15,588000,科创50ETF,984157.0,1314427.0,133.56
2025-09-15,588080,科创板50ETF,192667.0,113865.0,59.1
2025-09-16,510050,上证50ETF,487662.0,477890.0,98.0
2025-09-16,510300,沪深300ETF,578453.0,715074.0,123.62
2025-09-16,510500,中证500ETF,921685.0,1002907.0,108.81
2025-09-16,588000,科创50ETF,1088162.0,892788.0,82.05
2025-09-16,588080,科创板50ETF,191934.0,129641.0,67.54
2025-09-17,510050,上证50ETF,587558.0,513195.0,87.34
2025-09-17,510300,沪深300ETF,736157.0,796734.0,108.23
2025-09-17,510500,中证500ETF,1105093.0,1063440.0,96.23
2025-09-17,588000,科创50ETF,1173583.0,945157.0,80.54
2025-09-17,588080,科创板50ETF,256020.0,328469.0,128.3
2025-09-18,510050,上证50ETF,1443669.0,1131934.0,78.41
2025-09-18,510300,沪深300ETF,1256180.0,1385734.0,110.31
2025-09-18,510500,中证500ETF,1554741.0,1592039.0,102.4
2025-09-18,588000,科创50ETF,2243658.0,2331764.0,103.93
2025-09-18,588080,科创板50ETF,474775.0,399609.0,84.17
2025-09-19,510050,上证50ETF,723421.0,823370.0,113.82
2025-09-19,510300,沪深300ETF,725647.0,1114652.0,153.61
2025-09-19,510500,中证500ETF,1033540.0,1445157.0,139.83
2025-09-19,588000,科创50ETF,1265530.0,1504446.0,118.88
2025-09-19,588080,科创板50ETF,266157.0,223366.0,83.92
2025-09-22,510050,上证50ETF,640726.0,469642.0,73.3
2025-09-22,510300,沪深300ETF,528625.0,467538.0,88.44
2025-09-22,510500,中证500ETF,789180.0,829598.0,105.12
2025-09-22,588000,科创50ETF,1415137.0,1067313.0,75.42
2025-09-22,588080,科创板50ETF,288242.0,197386.0,68.48
2025-09-23,510050,上证50ETF,793223.0,661067.0,83.34
2025-09-23,510300,沪深300ETF,862281.0,911043.0,105.66
2025-09-23,510500,中证500ETF,1219580.0,1452470.0,119.1
2025-09-23,588000,科创50ETF,1242383.0,1215630.0,97.85
2025-09-23,588080,科创板50ETF,297825.0,242909.0,81.56
2025-09-24,510050,上证50ETF,667566.0,509598.0,76.34
2025-09-24,510300,沪深300ETF,705802.0,592251.0,83.91
2025-09-24,510500,中证500ETF,1153253.0,1119710.0,97.09
2025-09-24,588000,科创50ETF,1768241.0,1130066.0,63.91
2025-09-24,588080,科创板50ETF,434640.0,239290.0,55.05
2025-09-25,510050,上证50ETF,476583.0,407250.0,85.45
2025-09-25,510300,沪深300ETF,574174.0,486846.0,84.79
2025-09-25,510500,中证500ETF,714490.0,778073.0,108.9
2025-09-25,588000,科创50ETF,1008983.0,747711.0,74.11
2025-09-25,588080,科创板50ETF,217515.0,127934.0,58.82
2025-09-26,510050,上证50ETF,412376.0,375852.0,91.14
2025-09-26,510300,沪深300ETF,420979.0,516304.0,122.64
2025-09-26,510500,中证500ETF,659335.0,784115.0,118.93
2025-09-26,588000,科创50ETF,731660.0,702617.0,96.03
2025-09-26,588080,科创板50ETF,160589.0,123927.0,77.17
2025-09-29,510050,上证50ETF,928214.0,545535.0,58.77
2025-09-29,510300,沪深300ETF,772699.0,674454.0,87.29
2025-09-29,510500,中证500ETF,798972.0,730522.0,91.43
2025-09-29,588000,科创50ETF,792458.0,688135.0,86.84
2025-09-29,588080,科创板50ETF,173978.0,140038.0,80.49
2025-09-30,510050,上证50ETF,453772.0,365695.0,80.59
2025-09-30,510300,沪深300ETF,476110.0,480433.0,100.91
2025-09-30,510500,中证500ETF,606505.0,607596.0,100.18
2025-09-30,588000,科创50ETF,817009.0,643007.0,78.7
2025-09-30,588080,科创板50ETF,173075.0,110218.0,63.68
2025-10-09,510050,上证50ETF,896093.0,769505.0,85.87
2025-10-09,510300,沪深300ETF,815337.0,797051.0,97.76
2025-10-09,510500,中证500ETF,848504.0,918553.0,108.26
2025-10-09,588000,科创50ETF,1345642.0,1171766.0,87.08
2025-10-09,588080,科创板50ETF,306802.0,231998.0,75.62
2025-10-10,510050,上证50ETF,794075.0,674471.0,84.94
2025-10-10,510300,沪深300ETF,805607.0,921660.0,114.41
2025-10-10,510500,中证500ETF,881269.0,942330.0,106.93
2025-10-10,588000,科创50ETF,1101043.0,1174915.0,106.71
2025-10-10,588080,科创板50ETF,292289.0,232588.0,79.57
2025-10-13,510050,上证50ETF,700383.0,842522.0,120.29
2025-10-13,510300,沪深300ETF,765665.0,1002055.0,130.87
2025-10-13,510500,中证500ETF,966546.0,1274996.0,131.91
2025-10-13,588000,科创50ETF,1048776.0,1186731.0,113.15
2025-10-13,588080,科创板50ETF,202128.0,224657.0,111.15
2025-10-14,510050,上证50ETF,909829.0,961430.0,105.67
2025-10-14,510300,沪深300ETF,933551.0,1509683.0,161.71
2025-10-14,510500,中证500ETF,1245209.0,1660314.0,133.34
2025-10-14,588000,科创50ETF,1384859.0,2007535.0,144.96
2025-10-14,588080,科创板50ETF,279085.0,349633.0,125.28
2025-10-15,510050,上证50ETF,748457.0,818916.0,109.41
2025-10-15,510300,沪深300ETF,832687.0,1236649.0,148.51
2025-10-15,510500,中证500ETF,1128479.0,1263718.0,111.98
2025-10-15,588000,科创50ETF,1157721.0,1819037.0,157.12
2025-10-15,588080,科创板50ETF,260403.0,392936.0,150.9
2025-10-16,510050,上证50ETF,816493.0,774971.0,94.91
2025-10-16,510300,沪深300ETF,752429.0,916688.0,121.83
2025-10-16,510500,中证500ETF,912755.0,1099646.0,120.48
2025-10-16,588000,科创50ETF,995457.0,1219162.0,122.47
2025-10-16,588080,科创板50ETF,238190.0,340879.0,143.11
2025-10-17,510050,上证50ETF,839177.0,900981.0,107.36
2025-10-17,510300,沪深300ETF,804069.0,1150136.0,143.04
2025-10-17,510500,中证500ETF,1054755.0,1292986.0,122.59
2025-10-17,588000,科创50ETF,1419073.0,1848608.0,130.27
2025-10-17,588080,XD科创板50ETF,311065.0,529414.0,170.19
2025-10-20,510050,上证50ETF,564562.0,557095.0,98.68
2025-10-20,510300,沪深300ETF,659140.0,819432.0,124.32
2025-10-20,510500,中证500ETF,883812.0,1045002.0,118.24
2025-10-20,588000,科创50ETF,1361984.0,1298075.0,95.31
2025-10-20,588080,科创板50ETF,220221.0,277518.0,126.02
2025-10-21,510050,上证50ETF,614707.0,634834.0,103.27
2025-10-21,510300,沪深300ETF,724562.0,710873.0,98.11
2025-10-21,510500,中证500ETF,955839.0,982777.0,102.82
2025-10-21,588000,科创50ETF,1115305.0,916962.0,82.22
2025-10-21,588080,科创板50ETF,228443.0,229930.0,100.65
2025-10-22,510050,上证50ETF,501517.0,567343.0,113.13
2025-10-22,510300,沪深300ETF,608797.0,665697.0,109.35
2025-10-22,510500,中证500ETF,698867.0,947991.0,135.65
2025-10-22,588000,科创50ETF,986287.0,830220.0,84.18
2025-10-22,588080,科创板50ETF,213388.0,191473.0,89.73
2025-10-23,510050,上证50ETF,493612.0,406947.0,82.44
2025-10-23,510300,沪深300ETF,470774.0,459160.0,97.53
2025-10-23,510500,中证500ETF,514883.0,633663.0,123.07
2025-10-23,588000,科创50ETF,504071.0,507801.0,100.74
2025-10-23,588080,科创板50ETF,85786.0,84547.0,98.56
2025-10-24,510050,上证50ETF,490719.0,351927.0,71.72
2025-10-24,510300,沪深300ETF,403468.0,397745.0,98.58
2025-10-24,510500,中证500ETF,625373.0,543241.0,86.87
2025-10-24,588000,科创50ETF,916288.0,620632.0,67.73
2025-10-24,588080,科创板50ETF,186608.0,132174.0,70.83
2025-10-27,510050,上证50ETF,535289.0,337632.0,63.07
2025-10-27,510300,沪深300ETF,555693.0,455489.0,81.97
2025-10-27,510500,中证500ETF,784200.0,727493.0,92.77
2025-10-27,588000,科创50ETF,937461.0,674225.0,71.92
2025-10-27,588080,科创板50ETF,193508.0,174897.0,90.38
2025-10-28,510050,上证50ETF,395210.0,367638.0,93.02
2025-10-28,510300,沪深300ETF,429782.0,426978.0,99.35
2025-10-28,510500,中证500ETF,595102.0,610888.0,102.65
2025-10-28,588000,科创50ETF,650857.0,484839.0,74.49
2025-10-28,588080,科创板50ETF,120529.0,98715.0,81.9
2025-10-29,510050,上证50ETF,308254.0,286894.0,93.07
2025-10-29,510300,沪深300ETF,403539.0,344522.0,85.38
2025-10-29,510500,中证500ETF,687650.0,641994.0,93.36
2025-10-29,588000,科创50ETF,636046.0,418711.0,65.83
2025-10-29,588080,科创板50ETF,123784.0,93052.0,75.17
2025-10-30,510050,上证50ETF,490370.0,382987.0,78.1
2025-10-30,510300,沪深300ETF,600660.0,560182.0,93.26
2025-10-30,510500,中证500ETF,744027.0,769484.0,103.42
2025-10-30,588000,科创50ETF,786319.0,569903.0,72.48
2025-10-30,588080,科创板50ETF,154480.0,90910.0,58.85
2025-10-31,510050,上证50ETF,495040.0,564916.0,114.12
2025-10-31,510300,沪深300ETF,550199.0,611961.0,111.23
2025-10-31,510500,中证500ETF,729051.0,821120.0,112.63
2025-10-31,588000,科创50ETF,752279.0,928440.0,123.42
2025-10-31,588080,科创板50ETF,161982.0,154833.0,95.59
2025-11-03,510050,上证50ETF,454868.0,462100.0,101.59
2025-11-03,510300,沪深300ETF,454165.0,470915.0,103.69
2025-11-03,510500,中证500ETF,659620.0,842090.0,127.66
2025-11-03,588000,科创50ETF,684576.0,739599.0,108.04
2025-11-03,588080,科创板50ETF,156065.0,157558.0,100.96
2025-11-04,510050,上证50ETF,448116.0,486170.0,108.49
2025-11-04,510300,沪深300ETF,509315.0,549180.0,107.83
2025-11-04,510500,中证500ETF,769597.0,923687.0,120.02
2025-11-04,588000,科创50ETF,624253.0,568001.0,90.99
2025-11-04,588080,科创板50ETF,109828.0,86726.0,78.97
2025-11-05,510050,上证50ETF,404307.0,457145.0,113.07
2025-11-05,510300,沪深300ETF,536162.0,718118.0,133.94
2025-11-05,510500,中证500ETF,798757.0,848945.0,106.28
2025-11-05,588000,科创50ETF,667087.0,706123.0,105.85
2025-11-05,588080,科创板50ETF,126257.0,106684.0,84.5
2025-11-06,510050,上证50ETF,502057.0,514105.0,102.4
2025-11-06,510300,沪深300ETF,567675.0,571573.0,100.69
2025-11-06,510500,中证500ETF,763312.0,725173.0,95.0
2025-11-06,588000,科创50ETF,788591.0,646426.0,81.97
2025-11-06,588080,科创板50ETF,141921.0,125944.0,88.74
2025-11-07,510050,上证50ETF,267323.0,326040.0,121.96
2025-11-07,510300,沪深300ETF,357858.0,421659.0,117.83
2025-11-07,510500,中证500ETF,591337.0,643133.0,108.76
2025-11-07,588000,科创50ETF,494098.0,455210.0,92.13
2025-11-07,588080,科创板50ETF,93899.0,86323.0,91.93
2025-11-10,510050,上证50ETF,376014.0,365615.0,97.23
2025-11-10,510300,沪深300ETF,428788.0,471844.0,110.04
2025-11-10,510500,中证500ETF,635928.0,665760.0,104.69
2025-11-10,588000,科创50ETF,595328.0,542948.0,91.2
2025-11-10,588080,科创板50ETF,131392.0,120074.0,91.39
2025-11-11,510050,上证50ETF,380354.0,367109.0,96.52
2025-11-11,510300,沪深300ETF,448814.0,509234.0,113.46
2025-11-11,510500,中证500ETF,583083.0,745013.0,127.77
2025-11-11,588000,科创50ETF,545924.0,492774.0,90.26
2025-11-11,588080,科创板50ETF,114413.0,86731.0,75.81
2025-11-12,510050,上证50ETF,462601.0,452992.0,97.92
2025-11-12,510300,沪深300ETF,528750.0,596733.0,112.86
2025-11-12,510500,中证500ETF,849628.0,927867.0,109.21
2025-11-12,588000,科创50ETF,709671.0,621890.0,87.63
2025-11-12,588080,科创板50ETF,126408.0,130829.0,103.5
2025-11-13,510050,上证50ETF,425231.0,415267.0,97.66
2025-11-13,510300,沪深300ETF,474922.0,447652.0,94.26
2025-11-13,510500,中证500ETF,741372.0,842149.0,113.59
2025-11-13,588000,科创50ETF,695640.0,488384.0,70.21
2025-11-13,588080,科创板50ETF,101301.0,76178.0,75.2
2025-11-14,510050,上证50ETF,384500.0,401669.0,104.47
2025-11-14,510300,沪深300ETF,493689.0,547185.0,110.84
2025-11-14,510500,中证500ETF,627058.0,659641.0,105.2
2025-11-14,588000,科创50ETF,670346.0,558888.0,83.37
2025-11-14,588080,科创板50ETF,111991.0,95996.0,85.72
2025-11-17,510050,上证50ETF,566395.0,626528.0,110.62
2025-11-17,510300,沪深300ETF,590851.0,634959.0,107.47
2025-11-17,510500,中证500ETF,642087.0,683432.0,106.44
2025-11-17,588000,科创50ETF,747443.0,808340.0,108.15
2025-11-17,588080,科创板50ETF,141148.0,235177.0,166.62
2025-11-18,510050,上证50ETF,491986.0,521569.0,106.01
2025-11-18,510300,沪深300ETF,570458.0,709061.0,124.3
2025-11-18,510500,中证500ETF,774248.0,895464.0,115.66
2025-11-18,588000,科创50ETF,811463.0,1221645.0,150.55
2025-11-18,588080,科创板50ETF,163403.0,196205.0,120.07
2025-11-19,510050,上证50ETF,494307.0,522492.0,105.7
2025-11-19,510300,沪深300ETF,577936.0,657905.0,113.84
2025-11-19,510500,中证500ETF,746518.0,822029.0,110.12
2025-11-19,588000,科创50ETF,796918.0,671219.0,84.23
2025-11-19,588080,科创板50ETF,145446.0,150118.0,103.21
2025-11-20,510050,上证50ETF,504549.0,473968.0,93.94
2025-11-20,510300,沪深300ETF,601537.0,566117.0,94.11
2025-11-20,510500,中证500ETF,831178.0,772265.0,92.91
2025-11-20,588000,科创50ETF,854509.0,586202.0,68.6
2025-11-20,588080,科创板50ETF,159793.0,163897.0,102.57
2025-11-21,510050,上证50ETF,824863.0,842887.0,102.19
2025-11-21,510300,沪深300ETF,981952.0,1218844.0,124.12
2025-11-21,510500,中证500ETF,1212831.0,1525873.0,125.81
2025-11-21,588000,科创50ETF,1157082.0,1185124.0,102.42
2025-11-21,588080,科创板50ETF,224466.0,234514.0,104.48
2025-11-24,510050,上证50ETF,501483.0,511228.0,101.94
2025-11-24,510300,沪深300ETF,632640.0,692500.0,109.46
2025-11-24,510500,中证500ETF,795922.0,927570.0,116.54
2025-11-24,588000,科创50ETF,838235.0,808945.0,96.51
2025-11-24,588080,科创板50ETF,163144.0,164367.0,100.75
2025-11-25,510050,上证50ETF,493147.0,434812.0,88.17
2025-11-25,510300,沪深300ETF,636069.0,731829.0,115.05
2025-11-25,510500,中证500ETF,816097.0,984727.0,120.66
2025-11-25,588000,科创50ETF,824646.0,661200.0,80.18
2025-11-25,588080,科创板50ETF,175139.0,141817.0,80.97
2025-11-26,510050,上证50ETF,364378.0,327731.0,89.94
2025-11-26,510300,沪深300ETF,490649.0,558043.0,113.74
2025-11-26,510500,中证500ETF,572465.0,664410.0,116.06
2025-11-26,588000,科创50ETF,767536.0,652446.0,85.01
2025-11-26,588080,科创板50ETF,175972.0,127722.0,72.58
2025-11-27,510050,上证50ETF,324281.0,300714.0,92.73
2025-11-27,510300,沪深300ETF,405368.0,417584.0,103.01
2025-11-27,510500,中证500ETF,456561.0,558108.0,122.24
2025-11-27,588000,科创50ETF,701643.0,558081.0,79.54
2025-11-27,588080,科创板50ETF,147509.0,116559.0,79.02
2025-11-28,510050,上证50ETF,242566.0,248044.0,102.26
2025-11-28,510300,沪深300ETF,303679.0,358797.0,118.15
2025-11-28,510500,中证500ETF,445999.0,555235.0,124.49
2025-11-28,588000,科创50ETF,512135.0,446039.0,87.09
2025-11-28,588080,科创板50ETF,83020.0,79645.0,95.93
2025-12-01,510050,上证50ETF,292413.0,304140.0,104.01
2025-12-01,510300,沪深300ETF,327399.0,365817.0,111.73
2025-12-01,510500,中证500ETF,427464.0,445030.0,104.11
2025-12-01,588000,科创50ETF,466919.0,412145.0,88.27
2025-12-01,588080,科创板50ETF,87200.0,75872.0,87.01
2025-12-02,510050,上证50ETF,207101.0,224151.0,108.23
2025-12-02,510300,沪深300ETF,268924.0,291715.0,108.47
2025-12-02,510500,中证500ETF,357634.0,415885.0,116.29
2025-12-02,588000,科创50ETF,339692.0,293365.0,86.36
2025-12-02,588080,科创板50ETF,73106.0,52104.0,71.27
2025-12-03,510050,上证50ETF,245388.0,306120.0,124.75
2025-12-03,510300,沪深300ETF,339506.0,415303.0,122.33
2025-12-03,510500,中证500ETF,451410.0,609604.0,135.04
2025-12-03,588000,科创50ETF,429253.0,495813.0,115.51
2025-12-03,588080,科创板50ETF,76131.0,63694.0,83.66
2025-12-04,510050,上证50ETF,265098.0,246539.0,93.0
2025-12-04,510300,沪深300ETF,349095.0,370985.0,106.27
2025-12-04,510500,中证500ETF,449077.0,503727.0,112.17
2025-12-04,588000,科创50ETF,543925.0,513495.0,94.41
2025-12-04,588080,科创板50ETF,91326.0,79121.0,86.64
2025-12-05,510050,上证50ETF,485776.0,405412.0,83.46
2025-12-05,510300,沪深300ETF,528459.0,512965.0,97.07
2025-12-05,510500,中证500ETF,645802.0,683654.0,105.86
2025-12-05,588000,科创50ETF,629225.0,529475.0,84.15
2025-12-05,588080,科创板50ETF,97525.0,73385.0,75.25
2025-12-08,510050,上证50ETF,525600.0,413444.0,78.66
2025-12-08,510300,沪深300ETF,615860.0,477443.0,77.52
2025-12-08,510500,中证500ETF,617862.0,519580.0,84.09
2025-12-08,588000,科创50ETF,988448.0,595872.0,60.28
2025-12-08,588080,科创板50ETF,165516.0,95982.0,57.99
2025-12-09,510050,上证50ETF,320986.0,254428.0,79.26
2025-12-09,510300,沪深300ETF,423618.0,381015.0,89.94
2025-12-09,510500,中证500ETF,458789.0,465073.0,101.37
2025-12-09,588000,科创50ETF,586495.0,392038.0,66.84
2025-12-09,588080,科创板50ETF,99302.0,67514.0,67.99
2025-12-10,510050,上证50ETF,413662.0,352234.0,85.15
2025-12-10,510300,沪深300ETF,515951.0,607594.0,117.76
2025-12-10,510500,中证500ETF,601442.0,695018.0,115.56
2025-12-10,588000,科创50ETF,651024.0,538859.0,82.77
2025-12-10,588080,科创板50ETF,132335.0,87597.0,66.19
2025-12-11,510050,上证50ETF,346484.0,373147.0,107.7
2025-12-11,510300,沪深300ETF,467371.0,488065.0,104.43
2025-12-11,510500,中证500ETF,541363.0,525574.0,97.08
2025-12-11,588000,科创50ETF,529219.0,379583.0,71.73
2025-12-11,588080,科创板50ETF,102675.0,71103.0,69.25
2025-12-12,510050,上证50ETF,418870.0,454347.0,108.47
2025-12-12,510300,沪深300ETF,627546.0,643251.0,102.5
2025-12-12,510500,中证500ETF,723974.0,686875.0,94.88
2025-12-12,588000,科创50ETF,717741.0,537583.0,74.9
2025-12-12,588080,科创板50ETF,156367.0,128732.0,82.33
2025-12-15,510050,上证50ETF,407275.0,444890.0,109.24
2025-12-15,510300,沪深300ETF,491548.0,484247.0,98.51
2025-12-15,510500,中证500ETF,562303.0,566095.0,100.67
2025-12-15,588000,科创50ETF,581998.0,746843.0,128.32
2025-12-15,588080,科创板50ETF,114077.0,90081.0,78.97
2025-12-16,510050,上证50ETF,559030.0,747093.0,133.64
2025-12-16,510300,沪深300ETF,721283.0,925142.0,128.26
2025-12-16,510500,中证500ETF,877911.0,1022189.0,116.43
2025-12-16,588000,科创50ETF,867670.0,957073.0,110.3
2025-12-16,588080,科创板50ETF,145951.0,182827.0,125.27
2025-12-17,510050,XD上证50ETF,727875.0,641859.0,88.18
2025-12-17,510300,沪深300ETF,821624.0,934484.0,113.74
2025-12-17,510500,中证500ETF,945888.0,959855.0,101.48
2025-12-17,588000,科创50ETF,894133.0,752897.0,84.2
2025-12-17,588080,科创板50ETF,165093.0,162561.0,98.47
2025-12-18,510050,上证50ETF,409645.0,495356.0,120.92
2025-12-18,510300,沪深300ETF,613360.0,553203.0,90.19
2025-12-18,510500,中证500ETF,704335.0,752436.0,106.83
2025-12-18,588000,科创50ETF,540538.0,582493.0,107.76
2025-12-18,588080,科创板50ETF,105587.0,209951.0,198.84
2025-12-19,510050,上证50ETF,479281.0,399389.0,83.33
2025-12-19,510300,沪深300ETF,671402.0,549734.0,81.88
2025-12-19,510500,中证500ETF,869598.0,783823.0,90.14
2025-12-19,588000,科创50ETF,560165.0,440611.0,78.66
2025-12-19,588080,科创板50ETF,105394.0,77494.0,73.53
2025-12-22,510050,上证50ETF,406377.0,322074.0,79.25
2025-12-22,510300,沪深300ETF,537905.0,480916.0,89.41
2025-12-22,510500,中证500ETF,655988.0,699412.0,106.62
2025-12-22,588000,科创50ETF,782085.0,573306.0,73.3
2025-12-22,588080,科创板50ETF,134213.0,145391.0,108.33
2025-12-23,510050,上证50ETF,458723.0,422067.0,92.01
2025-12-23,510300,沪深300ETF,528552.0,487366.0,92.21
2025-12-23,510500,中证500ETF,523900.0,652646.0,124.57
2025-12-23,588000,科创50ETF,743136.0,535531.0,72.06
2025-12-23,588080,科创板50ETF,140411.0,121627.0,86.62
2025-12-24,510050,上证50ETF,449035.0,339137.0,75.53
2025-12-24,510300,沪深300ETF,488851.0,405897.0,83.03
2025-12-24,510500,中证500ETF,741098.0,694377.0,93.7
2025-12-24,588000,科创50ETF,713939.0,471880.0,66.1
2025-12-24,588080,科创板50ETF,152650.0,103492.0,67.8
2025-12-25,510050,上证50ETF,260001.0,293036.0,112.71
2025-12-25,510300,沪深300ETF,390995.0,292494.0,74.81
2025-12-25,510500,中证500ETF,637383.0,627584.0,98.46
2025-12-25,588000,科创50ETF,637246.0,435824.0,68.39
2025-12-25,588080,科创板50ETF,87404.0,92143.0,105.42
2025-12-26,510050,上证50ETF,482276.0,422296.0,87.56
2025-12-26,510300,沪深300ETF,688897.0,462820.0,67.18
2025-12-26,510500,中证500ETF,872603.0,726495.0,83.26
2025-12-26,588000,科创50ETF,752431.0,408710.0,54.32
2025-12-26,588080,科创板50ETF,155520.0,75032.0,48.25
2025-12-29,510050,上证50ETF,317199.0,303946.0,95.82
2025-12-29,510300,沪深300ETF,413252.0,366868.0,88.78
2025-12-29,510500,中证500ETF,565666.0,467459.0,82.64
2025-12-29,588000,科创50ETF,643934.0,361970.0,56.21
2025-12-29,588080,科创板50ETF,97171.0,72519.0,74.63
2025-12-30,510050,上证50ETF,294704.0,286820.0,97.32
2025-12-30,510300,沪深300ETF,378434.0,317686.0,83.95
2025-12-30,510500,中证500ETF,579692.0,525433.0,90.64
2025-12-30,588000,科创50ETF,586149.0,402599.0,68.69
2025-12-30,588080,科创板50ETF,90650.0,87575.0,96.61
2025-12-31,510050,上证50ETF,305266.0,294801.0,96.57
2025-12-31,510300,沪深300ETF,386321.0,402670.0,104.23
2025-12-31,510500,中证500ETF,562353.0,490886.0,87.29
2025-12-31,588000,科创50ETF,478066.0,380290.0,79.55
2025-12-31,588080,科创板50ETF,86145.0,86872.0,100.84
2026-01-05,510050,上证50ETF,599778.0,545858.0,91.01
2026-01-05,510300,沪深300ETF,589772.0,600333.0,101.79
2026-01-05,510500,中证500ETF,761813.0,700987.0,92.02
2026-01-05,588000,科创50ETF,1003716.0,675186.0,67.27
2026-01-05,588080,科创50ETF易方达,168551.0,121646.0,72.17
2026-01-06,510050,上证50ETF,934334.0,550062.0,58.87
2026-01-06,510300,沪深300ETF,855125.0,670480.0,78.41
2026-01-06,510500,中证500ETF,988563.0,954512.0,96.56
2026-01-06,588000,科创50ETF,1390623.0,740864.0,53.28
2026-01-06,588080,科创50ETF易方达,321428.0,146744.0,45.65
2026-01-07,510050,上证50ETF,617761.0,450500.0,72.92
2026-01-07,510300,沪深300ETF,651406.0,449659.0,69.03
2026-01-07,510500,中证500ETF,939693.0,680850.0,72.45
2026-01-07,588000,科创50ETF,1045520.0,734221.0,70.23
2026-01-07,588080,科创50ETF易方达,241562.0,132762.0,54.96
2026-01-08,510050,上证50ETF,441881.0,353043.0,79.9
2026-01-08,510300,沪深300ETF,482312.0,439108.0,91.04
2026-01-08,510500,中证500ETF,817521.0,751460.0,91.92
2026-01-08,588000,科创50ETF,1238824.0,840984.0,67.89
2026-01-08,588080,科创50ETF易方达,247144.0,148120.0,59.93
2026-01-09,510050,上证50ETF,619766.0,398742.0,64.34
2026-01-09,510300,沪深300ETF华泰柏瑞,701589.0,604202.0,86.12
2026-01-09,510500,中证500ETF,1251511.0,1075945.0,85.97
2026-01-09,588000,科创50ETF,1180201.0,810331.0,68.66
2026-01-09,588080,科创50ETF易方达,241498.0,180397.0,74.7
2026-01-12,510050,上证50ETF,692928.0,408784.0,58.99
2026-01-12,510300,沪深300ETF华泰柏瑞,925456.0,685796.0,74.1
2026-01-12,510500,中证500ETF,1483556.0,990797.0,66.79
2026-01-12,588000,科创50ETF,1438973.0,788623.0,54.8
2026-01-12,588080,科创50ETF易方达,324588.0,279473.0,86.1
2026-01-13,510050,上证50ETF,843831.0,480803.0,56.98
2026-01-13,510300,沪深300ETF华泰柏瑞,1002981.0,681957.0,67.99
2026-01-13,510500,中证500ETF,1433017.0,1088642.0,75.97
2026-01-13,588000,科创50ETF,1302810.0,1338657.0,102.75
2026-01-13,588080,科创50ETF易方达,260155.0,402908.0,154.87
2026-01-14,510050,上证50ETF,881758.0,675661.0,76.63
2026-01-14,510300,沪深300ETF华泰柏瑞,1114330.0,930383.0,83.49
2026-01-14,510500,中证500ETF,1741284.0,1488822.0,85.5
2026-01-14,588000,科创50ETF,1803450.0,1697331.0,94.12
2026-01-14,588080,科创50ETF易方达,295955.0,209303.0,70.72
2026-01-15,510050,上证50ETF,507681.0,443580.0,87.37
2026-01-15,510300,沪深300ETF华泰柏瑞,687892.0,565326.0,82.18
2026-01-15,510500,中证500ETF,1090627.0,1115873.0,102.31
2026-01-15,588000,科创50ETF,1208289.0,1398747.0,115.76
2026-01-15,588080,科创50ETF易方达,192869.0,173434.0,89.92
2026-01-16,510050,上证50ETF,664758.0,534878.0,80.46
2026-01-16,510300,沪深300ETF华泰柏瑞,783867.0,679978.0,86.75
2026-01-16,510500,XD中证500ETF,996625.0,922492.0,92.56
2026-01-16,588000,科创50ETF,1138581.0,1328388.0,116.67
2026-01-16,588080,科创50ETF易方达,182240.0,141146.0,77.45
2026-01-19,510050,上证50ETF,490045.0,575870.0,117.51
2026-01-19,510300,XD沪深300ETF华泰柏瑞,639497.0,681457.0,106.56
2026-01-19,510500,中证500ETF,907232.0,958652.0,105.67
2026-01-19,588000,科创50ETF,845851.0,1259593.0,148.91
2026-01-19,588080,科创50ETF易方达,155691.0,193005.0,123.97
2026-01-20,510050,上证50ETF,476660.0,411012.0,86.23
2026-01-20,510300,沪深300ETF华泰柏瑞,758686.0,785549.0,103.54
2026-01-20,510500,中证500ETF,1107409.0,1109887.0,100.22
2026-01-20,588000,科创50ETF,1093076.0,1094804.0,100.16
2026-01-20,588080,科创50ETF易方达,186565.0,130762.0,70.09
2026-01-21,510050,上证50ETF,538077.0,407008.0,75.64
2026-01-21,510300,沪深300ETF华泰柏瑞,699044.0,623838.0,89.24
2026-01-21,510500,中证500ETF,961720.0,938892.0,97.63
2026-01-21,588000,科创50ETF,1283376.0,1041322.0,81.14
2026-01-21,588080,科创50ETF易方达,224165.0,134068.0,59.81
2026-01-22,510050,上证50ETF,514334.0,422535.0,82.15
2026-01-22,510300,沪深300ETF华泰柏瑞,596125.0,617352.0,103.56
2026-01-22,510500,中证500ETF,759068.0,741650.0,97.71
2026-01-22,588000,科创50ETF,876718.0,738932.0,84.28
2026-01-22,588080,科创50ETF易方达,136864.0,94601.0,69.12
2026-01-23,510050,上证50ETF,630947.0,615432.0,97.54
2026-01-23,510300,沪深300ETF华泰柏瑞,685129.0,708032.0,103.34
2026-01-23,510500,中证500ETF,1311380.0,1062305.0,81.01
2026-01-23,588000,科创50ETF,888993.0,572061.0,64.35
2026-01-23,588080,科创50ETF易方达,123809.0,107781.0,87.05
2026-01-26,510050,上证50ETF,957176.0,729660.0,76.23
2026-01-26,510300,沪深300ETF华泰柏瑞,999527.0,869709.0,87.01
2026-01-26,510500,中证500ETF,1303529.0,1210420.0,92.86
2026-01-26,588000,科创50ETF,873436.0,686715.0,78.62
2026-01-26,588080,科创50ETF易方达,146979.0,99621.0,67.78
2026-01-27,510050,上证50ETF,659698.0,501965.0,76.09
2026-01-27,510300,沪深300ETF华泰柏瑞,725311.0,648644.0,89.43
2026-01-27,510500,中证500ETF,1306963.0,1319346.0,100.95
2026-01-27,588000,科创50ETF,1119876.0,805113.0,71.89
2026-01-27,588080,科创50ETF易方达,168387.0,110188.0,65.44
2026-01-28,510050,上证50ETF,560466.0,484928.0,86.52
2026-01-28,510300,沪深300ETF华泰柏瑞,730188.0,667343.0,91.39
2026-01-28,510500,中证500ETF,960236.0,908360.0,94.6
2026-01-28,588000,科创50ETF,898993.0,614339.0,68.34
2026-01-28,588080,科创50ETF易方达,132164.0,91338.0,69.11
2026-01-29,510050,上证50ETF,767700.0,531891.0,69.28
2026-01-29,510300,沪深300ETF华泰柏瑞,727188.0,560592.0,77.09
2026-01-29,510500,中证500ETF,754243.0,759585.0,100.71
2026-01-29,588000,科创50ETF,672535.0,569182.0,84.63
2026-01-29,588080,科创50ETF易方达,96672.0,79454.0,82.19
2026-01-30,510050,上证50ETF,588632.0,522376.0,88.74
2026-01-30,510300,沪深300ETF华泰柏瑞,705204.0,661211.0,93.76
2026-01-30,510500,中证500ETF,828387.0,1112917.0,134.35
2026-01-30,588000,科创50ETF,719344.0,742384.0,103.2
2026-01-30,588080,科创50ETF易方达,114263.0,104578.0,91.52
2026-02-02,510050,上证50ETF,669842.0,699756.0,104.47
2026-02-02,510300,沪深300ETF华泰柏瑞,826502.0,825321.0,99.86
2026-02-02,510500,中证500ETF,949212.0,1346127.0,141.82
2026-02-02,588000,科创50ETF,693252.0,780145.0,112.53
2026-02-02,588080,科创50ETF易方达,101717.0,116484.0,114.52
2026-02-03,510050,上证50ETF,532613.0,523607.0,98.31
2026-02-03,510300,沪深300ETF华泰柏瑞,654083.0,587881.0,89.88
2026-02-03,510500,中证500ETF,955104.0,1086724.0,113.78
2026-02-03,588000,科创50ETF,797199.0,747585.0,93.78
2026-02-03,588080,科创50ETF易方达,120352.0,147387.0,122.46
2026-02-04,510050,上证50ETF,447109.0,387795.0,86.73
2026-02-04,510300,沪深300ETF华泰柏瑞,516600.0,460354.0,89.11
2026-02-04,510500,中证500ETF,840727.0,996034.0,118.47
2026-02-04,588000,科创50ETF,613676.0,487756.0,79.48
2026-02-04,588080,科创50ETF易方达,95080.0,74062.0,77.89
2026-02-05,510050,上证50ETF,407603.0,391634.0,96.08
2026-02-05,510300,沪深300ETF华泰柏瑞,521097.0,504205.0,96.76
2026-02-05,510500,中证500ETF,909001.0,1280959.0,140.92
2026-02-05,588000,科创50ETF,619706.0,613142.0,98.94
2026-02-05,588080,科创50ETF易方达,113516.0,126804.0,111.71
2026-02-06,510050,上证50ETF,404138.0,389204.0,96.3
2026-02-06,510300,沪深300ETF华泰柏瑞,525864.0,498979.0,94.89
2026-02-06,510500,中证500ETF,859866.0,1042130.0,121.2
2026-02-06,588000,科创50ETF,562214.0,543269.0,96.63
2026-02-06,588080,科创50ETF易方达,80998.0,81443.0,100.55
2026-02-09,510050,上证50ETF,396493.0,427098.0,107.72
2026-02-09,510300,沪深300ETF华泰柏瑞,465008.0,414780.0,89.2
2026-02-09,510500,中证500ETF,627242.0,635157.0,101.26
2026-02-09,588000,科创50ETF,469767.0,550251.0,117.13
2026-02-09,588080,科创50ETF易方达,65573.0,88740.0,135.33
2026-02-10,510050,上证50ETF,260717.0,263308.0,100.99
2026-02-10,510300,沪深300ETF华泰柏瑞,338145.0,406285.0,120.15
2026-02-10,510500,中证500ETF,525815.0,589091.0,112.03
2026-02-10,588000,科创50ETF,557144.0,1367721.0,245.49
2026-02-10,588080,科创50ETF易方达,88057.0,172737.0,196.16
2026-02-11,510050,上证50ETF,265443.0,302845.0,114.09
2026-02-11,510300,沪深300ETF华泰柏瑞,255665.0,370490.0,144.91
2026-02-11,510500,中证500ETF,465692.0,480917.0,103.27
2026-02-11,588000,科创50ETF,400945.0,494491.0,123.33
2026-02-11,588080,科创50ETF易方达,70953.0,45125.0,63.6
2026-02-12,510050,上证50ETF,253143.0,230295.0,90.97
2026-02-12,510300,沪深300ETF华泰柏瑞,262478.0,266969.0,101.71
2026-02-12,510500,中证500ETF,589535.0,500246.0,84.85
2026-02-12,588000,科创50ETF,598123.0,544194.0,90.98
2026-02-12,588080,科创50ETF易方达,101236.0,89387.0,88.3
2026-02-13,510050,上证50ETF,593018.0,542502.0,91.48
2026-02-13,510300,沪深300ETF华泰柏瑞,609836.0,592277.0,97.12
2026-02-13,510500,中证500ETF,676773.0,672999.0,99.44
2026-02-13,588000,科创50ETF,580161.0,482029.0,83.09
2026-02-13,588080,科创50ETF易方达,87406.0,53479.0,61.18
2026-02-24,510050,上证50ETF,447032.0,328729.0,73.54
2026-02-24,510300,沪深300ETF华泰柏瑞,592199.0,453761.0,76.62
2026-02-24,510500,中证500ETF,765324.0,704914.0,92.11
2026-02-24,588000,科创50ETF,626510.0,518787.0,82.81
2026-02-24,588080,科创50ETF易方达,101332.0,69543.0,68.63
2026-02-25,510050,上证50ETF,480681.0,356742.0,74.22
2026-02-25,510300,沪深300ETF华泰柏瑞,615874.0,493714.0,80.16
2026-02-25,510500,中证500ETF,824323.0,656238.0,79.61
2026-02-25,588000,科创50ETF,606050.0,490180.0,80.88
2026-02-25,588080,科创50ETF易方达,103806.0,72013.0,69.37
2026-02-26,510050,上证50ETF,345703.0,300827.0,87.02
2026-02-26,510300,沪深300ETF华泰柏瑞,392107.0,300258.0,76.58
2026-02-26,510500,中证500ETF,443357.0,390663.0,88.11
2026-02-26,588000,科创50ETF,538241.0,458460.0,85.18
2026-02-26,588080,科创50ETF易方达,81265.0,52394.0,64.47
2026-02-27,510050,上证50ETF,228995.0,192458.0,84.04
2026-02-27,510300,沪深300ETF华泰柏瑞,387511.0,300183.0,77.46
2026-02-27,510500,中证500ETF,618744.0,541291.0,87.48
2026-02-27,588000,科创50ETF,446135.0,443016.0,99.3
2026-02-27,588080,科创50ETF易方达,69200.0,48686.0,70.36
2026-03-02,510050,上证50ETF,445558.0,455201.0,102.16
2026-03-02,510300,沪深300ETF华泰柏瑞,588849.0,585430.0,99.42
2026-03-02,510500,中证500ETF,734913.0,776964.0,105.72
2026-03-02,588000,科创50ETF,526479.0,525933.0,99.9
2026-03-02,588080,科创50ETF易方达,81061.0,59428.0,73.31
2026-03-03,510050,上证50ETF,552619.0,670732.0,121.37
2026-03-03,510300,沪深300ETF华泰柏瑞,692199.0,826534.0,119.41
2026-03-03,510500,中证500ETF,938936.0,1244832.0,132.58
2026-03-03,588000,科创50ETF,958063.0,1030143.0,107.52
2026-03-03,588080,科创50ETF易方达,166373.0,132645.0,79.73
2026-03-04,510050,上证50ETF,573864.0,653928.0,113.95
2026-03-04,510300,沪深300ETF华泰柏瑞,644676.0,722275.0,112.04
2026-03-04,510500,中证500ETF,733780.0,1083048.0,147.6
2026-03-04,588000,科创50ETF,624284.0,642530.0,102.92
2026-03-04,588080,科创50ETF易方达,119836.0,97141.0,81.06
2026-03-05,510050,上证50ETF,345767.0,325159.0,94.04
2026-03-05,510300,沪深300ETF华泰柏瑞,530187.0,468477.0,88.36
2026-03-05,510500,中证500ETF,723430.0,822432.0,113.69
2026-03-05,588000,科创50ETF,555607.0,605213.0,108.93
2026-03-05,588080,科创50ETF易方达,107319.0,85693.0,79.85
2026-03-06,510050,上证50ETF,325015.0,238376.0,73.34
2026-03-06,510300,沪深300ETF华泰柏瑞,448316.0,393660.0,87.81
2026-03-06,510500,中证500ETF,573089.0,762088.0,132.98
2026-03-06,588000,科创50ETF,342840.0,303019.0,88.38
2026-03-06,588080,科创50ETF易方达,60624.0,78753.0,129.9
2026-03-09,510050,上证50ETF,560910.0,554969.0,98.94
2026-03-09,510300,沪深300ETF华泰柏瑞,709149.0,741606.0,104.58
2026-03-09,510500,中证500ETF,824750.0,1169958.0,141.86
2026-03-09,588000,科创50ETF,696539.0,757162.0,108.7
2026-03-09,588080,科创50ETF易方达,123301.0,125611.0,101.87
2026-03-10,510050,上证50ETF,297096.0,255230.0,85.91
2026-03-10,510300,沪深300ETF华泰柏瑞,417852.0,509578.0,121.95
2026-03-10,510500,中证500ETF,681659.0,742636.0,108.95
2026-03-10,588000,科创50ETF,467301.0,469149.0,100.4
2026-03-10,588080,科创50ETF易方达,81664.0,64451.0,78.92
2026-03-11,510050,上证50ETF,288099.0,203489.0,70.63
2026-03-11,510300,沪深300ETF华泰柏瑞,460481.0,378927.0,82.29
2026-03-11,510500,中证500ETF,558955.0,627462.0,112.26
2026-03-11,588000,科创50ETF,427312.0,623509.0,145.91
2026-03-11,588080,科创50ETF易方达,74542.0,72996.0,97.93
2026-03-12,510050,上证50ETF,345929.0,337582.0,97.59
2026-03-12,510300,沪深300ETF华泰柏瑞,471325.0,569945.0,120.92
2026-03-12,510500,中证500ETF,673495.0,954932.0,141.79
2026-03-12,588000,科创50ETF,512918.0,687381.0,134.01
2026-03-12,588080,科创50ETF易方达,91527.0,90550.0,98.93
2026-03-13,510050,上证50ETF,333283.0,312465.0,93.75
2026-03-13,510300,沪深300ETF华泰柏瑞,565479.0,561823.0,99.35
2026-03-13,510500,中证500ETF,731400.0,1117318.0,152.76
2026-03-13,588000,科创50ETF,487980.0,602942.0,123.56
2026-03-13,588080,科创50ETF易方达,83151.0,79907.0,96.1
2026-03-16,510050,上证50ETF,455830.0,431122.0,94.58
2026-03-16,510300,沪深300ETF华泰柏瑞,582342.0,534237.0,91.74
2026-03-16,510500,中证500ETF,895387.0,1081482.0,120.78
2026-03-16,588000,科创50ETF,686352.0,842770.0,122.79
2026-03-16,588080,科创50ETF易方达,122189.0,83487.0,68.33
2026-03-17,510050,上证50ETF,690612.0,506373.0,73.32
2026-03-17,510300,沪深300ETF华泰柏瑞,705670.0,608487.0,86.23
2026-03-17,510500,中证500ETF,879738.0,1030911.0,117.18
2026-03-17,588000,科创50ETF,651765.0,600482.0,92.13
2026-03-17,588080,科创50ETF易方达,101943.0,79279.0,77.77
2026-03-18,510050,上证50ETF,516859.0,383205.0,74.14
2026-03-18,510300,沪深300ETF华泰柏瑞,648030.0,565026.0,87.19
2026-03-18,510500,中证500ETF,898064.0,1010999.0,112.58
2026-03-18,588000,科创50ETF,591195.0,670814.0,113.47
2026-03-18,588080,科创50ETF易方达,90799.0,101602.0,111.9
2026-03-19,510050,上证50ETF,605939.0,609564.0,100.6
2026-03-19,510300,沪深300ETF华泰柏瑞,697458.0,689214.0,98.82
2026-03-19,510500,中证500ETF,1059193.0,1329628.0,125.53
2026-03-19,588000,科创50ETF,610519.0,725625.0,118.85
2026-03-19,588080,科创50ETF易方达,108499.0,148891.0,137.23
2026-03-20,510050,上证50ETF,686311.0,462644.0,67.41
2026-03-20,510300,沪深300ETF华泰柏瑞,840580.0,685988.0,81.61
2026-03-20,510500,中证500ETF,1167279.0,1240190.0,106.25
2026-03-20,588000,科创50ETF,750649.0,850270.0,113.27
2026-03-20,588080,科创50ETF易方达,148538.0,196066.0,132.0
2026-03-23,510050,上证50ETF华夏,1185148.0,998446.0,84.25
2026-03-23,510300,沪深300ETF华泰柏瑞,1145789.0,1117878.0,97.56
2026-03-23,510500,中证500ETF南方,1294491.0,1622502.0,125.34
2026-03-23,588000,科创50ETF华夏,1064827.0,1047037.0,98.33
2026-03-23,588080,科创50ETF易方达,244769.0,174619.0,71.34
2026-03-24,510050,上证50ETF华夏,900620.0,636767.0,70.7
2026-03-24,510300,沪深300ETF华泰柏瑞,840027.0,783722.0,93.3
2026-03-24,510500,中证500ETF南方,1308816.0,1282725.0,98.01
2026-03-24,588000,科创50ETF华夏,804625.0,675691.0,83.98
2026-03-24,588080,科创50ETF易方达,174391.0,143545.0,82.31
2026-03-25,510050,上证50ETF华夏,686722.0,444392.0,64.71
2026-03-25,510300,沪深300ETF华泰柏瑞,668481.0,543429.0,81.29
2026-03-25,510500,中证500ETF南方,1092395.0,978230.0,89.55
2026-03-25,588000,科创50ETF华夏,714737.0,554227.0,77.54
2026-03-25,588080,科创50ETF易方达,149936.0,88037.0,58.72
2026-03-26,510050,上证50ETF华夏,735225.0,398502.0,54.2
2026-03-26,510300,沪深300ETF华泰柏瑞,507663.0,389459.0,76.72
2026-03-26,510500,中证500ETF南方,631404.0,778199.0,123.25
2026-03-26,588000,科创50ETF华夏,387836.0,391045.0,100.83
2026-03-26,588080,科创50ETF易方达,95018.0,54446.0,57.3
2026-03-27,510050,上证50ETF华夏,387140.0,319753.0,82.59
2026-03-27,510300,沪深300ETF华泰柏瑞,403533.0,414653.0,102.76
2026-03-27,510500,中证500ETF南方,700146.0,745560.0,106.49
2026-03-27,588000,科创50ETF华夏,430204.0,404856.0,94.11
2026-03-27,588080,科创50ETF易方达,86638.0,56096.0,64.75
2026-03-30,510050,上证50ETF华夏,457721.0,349696.0,76.4
2026-03-30,510300,沪深300ETF华泰柏瑞,477406.0,408500.0,85.57
2026-03-30,510500,中证500ETF南方,710857.0,835078.0,117.47
2026-03-30,588000,科创50ETF华夏,380758.0,427853.0,112.37
2026-03-30,588080,科创50ETF易方达,67928.0,60888.0,89.64
2026-03-31,510050,上证50ETF华夏,451311.0,385688.0,85.46
2026-03-31,510300,沪深300ETF华泰柏瑞,458711.0,436724.0,95.21
2026-03-31,510500,中证500ETF南方,751133.0,791460.0,105.37
2026-03-31,588000,科创50ETF华夏,557072.0,464958.0,83.46
2026-03-31,588080,科创50ETF易方达,80931.0,76185.0,94.14
2026-04-01,510050,上证50ETF华夏,581160.0,350484.0,60.31
2026-04-01,510300,沪深300ETF华泰柏瑞,429454.0,337318.0,78.55
2026-04-01,510500,中证500ETF南方,691359.0,648760.0,93.84
2026-04-01,588000,科创50ETF华夏,524563.0,429180.0,81.82
2026-04-01,588080,科创50ETF易方达,111277.0,56186.0,50.49
2026-04-02,510050,上证50ETF华夏,328273.0,359668.0,109.56
2026-04-02,510300,沪深300ETF华泰柏瑞,398697.0,391061.0,98.08
2026-04-02,510500,中证500ETF南方,698008.0,851916.0,122.05
2026-04-02,588000,科创50ETF华夏,517471.0,476994.0,92.18
2026-04-02,588080,科创50ETF易方达,85072.0,71662.0,84.24
2026-04-03,510050,上证50ETF华夏,404779.0,299880.0,74.08
2026-04-03,510300,沪深300ETF华泰柏瑞,422191.0,435642.0,103.19
2026-04-03,510500,中证500ETF南方,642087.0,813150.0,126.64
2026-04-03,588000,科创50ETF华夏,384875.0,361892.0,94.03
2026-04-03,588080,科创50ETF易方达,65345.0,52529.0,80.39
2026-04-07,510050,上证50ETF华夏,317315.0,272043.0,85.73
2026-04-07,510300,沪深300ETF华泰柏瑞,359029.0,315452.0,87.86
2026-04-07,510500,中证500ETF南方,618979.0,736537.0,118.99
2026-04-07,588000,科创50ETF华夏,516020.0,399798.0,77.48
2026-04-07,588080,科创50ETF易方达,151559.0,64083.0,42.28
2026-04-08,510050,上证50ETF华夏,731970.0,531565.0,72.62
2026-04-08,510300,沪深300ETF华泰柏瑞,889217.0,647884.0,72.86
2026-04-08,510500,中证500ETF南方,1186603.0,938451.0,79.09
2026-04-08,588000,科创50ETF华夏,936617.0,739356.0,78.94
2026-04-08,588080,科创50ETF易方达,177647.0,126841.0,71.4
2026-04-09,510050,上证50ETF华夏,334148.0,237201.0,70.99
2026-04-09,510300,沪深300ETF华泰柏瑞,435479.0,322299.0,74.01
2026-04-09,510500,中证500ETF南方,747639.0,747990.0,100.05
2026-04-09,588000,科创50ETF华夏,651386.0,497078.0,76.31
2026-04-09,588080,科创50ETF易方达,167353.0,65352.0,39.05
2026-04-10,510050,上证50ETF华夏,519025.0,341003.0,65.7
2026-04-10,510300,沪深300ETF华泰柏瑞,795064.0,518054.0,65.16
2026-04-10,510500,中证500ETF南方,1144413.0,1014811.0,88.68
2026-04-10,588000,科创50ETF华夏,785251.0,549445.0,69.97
2026-04-10,588080,科创50ETF易方达,154368.0,93691.0,60.69
2026-04-13,510050,上证50ETF华夏,282831.0,194621.0,68.81
2026-04-13,510300,沪深300ETF华泰柏瑞,410030.0,312473.0,76.21
2026-04-13,510500,中证500ETF南方,657469.0,773891.0,117.71
2026-04-13,588000,科创50ETF华夏,765666.0,481441.0,62.88
2026-04-13,588080,科创50ETF易方达,146794.0,66636.0,45.39
2026-04-14,510050,上证50ETF华夏,513297.0,300917.0,58.62
2026-04-14,510300,沪深300ETF华泰柏瑞,707930.0,468075.0,66.12
2026-04-14,510500,中证500ETF南方,971103.0,970364.0,99.92
2026-04-14,588000,科创50ETF华夏,917608.0,583247.0,63.56
2026-04-14,588080,科创50ETF易方达,183568.0,98332.0,53.57
2026-04-15,510050,上证50ETF华夏,623478.0,372225.0,59.7
2026-04-15,510300,沪深300ETF华泰柏瑞,704366.0,479836.0,68.12
2026-04-15,510500,中证500ETF南方,888525.0,868984.0,97.8
2026-04-15,588000,科创50ETF华夏,1149856.0,677495.0,58.92
2026-04-15,588080,科创50ETF易方达,223425.0,244141.0,109.27
2026-04-16,510050,上证50ETF华夏,485362.0,315473.0,65.0
2026-04-16,510300,沪深300ETF华泰柏瑞,556383.0,450224.0,80.92
2026-04-16,510500,中证500ETF南方,879854.0,922326.0,104.83
2026-04-16,588000,科创50ETF华夏,707451.0,496089.0,70.12
2026-04-16,588080,科创50ETF易方达,119306.0,83105.0,69.66
2026-04-17,510050,上证50ETF华夏,521867.0,373105.0,71.49
2026-04-17,510300,沪深300ETF华泰柏瑞,536908.0,425723.0,79.29
2026-04-17,510500,中证500ETF南方,764599.0,895911.0,117.17
2026-04-17,588000,科创50ETF华夏,696448.0,661553.0,94.99
2026-04-17,588080,科创50ETF易方达,113846.0,151801.0,133.34
2026-04-20,510050,上证50ETF华夏,448817.0,336429.0,74.96
2026-04-20,510300,沪深300ETF华泰柏瑞,607064.0,391115.0,64.43
2026-04-20,510500,中证500ETF南方,859717.0,841581.0,97.89
2026-04-20,588000,科创50ETF华夏,807484.0,640971.0,79.38
2026-04-20,588080,科创50ETF易方达,159178.0,144612.0,90.85
2026-04-21,510050,上证50ETF华夏,429604.0,257897.0,60.03
2026-04-21,510300,沪深300ETF华泰柏瑞,520923.0,331824.0,63.7
2026-04-21,510500,中证500ETF南方,693537.0,772147.0,111.33
2026-04-21,588000,科创50ETF华夏,745797.0,643130.0,86.23
2026-04-21,588080,科创50ETF易方达,126748.0,93880.0,74.07
2026-04-22,510050,上证50ETF华夏,514135.0,300585.0,58.46
2026-04-22,510300,沪深300ETF华泰柏瑞,677262.0,397716.0,58.72
2026-04-22,510500,中证500ETF南方,739271.0,736495.0,99.62
2026-04-22,588000,科创50ETF华夏,722710.0,597581.0,82.69
2026-04-22,588080,科创50ETF易方达,121096.0,80889.0,66.8
2026-04-23,510050,上证50ETF华夏,356975.0,279161.0,78.2
2026-04-23,510300,沪深300ETF华泰柏瑞,462142.0,394892.0,85.45
2026-04-23,510500,中证500ETF南方,714485.0,668681.0,93.59
2026-04-23,588000,科创50ETF华夏,674065.0,503797.0,74.74
2026-04-23,588080,科创50ETF易方达,106359.0,80486.0,75.67
2026-04-24,510050,上证50ETF华夏,331057.0,267760.0,80.88
2026-04-24,510300,沪深300ETF华泰柏瑞,367472.0,329484.0,89.66
2026-04-24,510500,中证500ETF南方,651736.0,647951.0,99.42
2026-04-24,588000,科创50ETF华夏,841677.0,649441.0,77.16
2026-04-24,588080,科创50ETF易方达,129280.0,107457.0,83.12
2026-04-27,510050,上证50ETF华夏,273853.0,192266.0,70.21
2026-04-27,510300,沪深300ETF华泰柏瑞,296994.0,247850.0,83.45
2026-04-27,510500,中证500ETF南方,463850.0,438051.0,94.44
2026-04-27,588000,科创50ETF华夏,967749.0,756205.0,78.14
2026-04-27,588080,科创50ETF易方达,140056.0,100562.0,71.8
2026-04-28,510050,上证50ETF华夏,271738.0,200390.0,73.74
2026-04-28,510300,沪深300ETF华泰柏瑞,282208.0,253788.0,89.93
2026-04-28,510500,中证500ETF南方,538790.0,564673.0,104.8
2026-04-28,588000,科创50ETF华夏,720277.0,616929.0,85.65
2026-04-28,588080,科创50ETF易方达,115971.0,77702.0,67.0
2026-04-29,510050,上证50ETF华夏,294907.0,237649.0,80.58
2026-04-29,510300,沪深300ETF华泰柏瑞,412363.0,375215.0,90.99
2026-04-29,510500,中证500ETF南方,630701.0,571044.0,90.54
2026-04-29,588000,科创50ETF华夏,634439.0,709896.0,111.89
2026-04-29,588080,科创50ETF易方达,104395.0,74441.0,71.31
2026-04-30,510050,上证50ETF华夏,400963.0,309424.0,77.17
2026-04-30,510300,沪深300ETF华泰柏瑞,341450.0,295354.0,86.5
2026-04-30,510500,中证500ETF南方,519650.0,458560.0,88.24
2026-04-30,588000,科创50ETF华夏,1520015.0,1197587.0,78.79
2026-04-30,588080,科创50ETF易方达,269404.0,189459.0,70.33
2026-05-06,510050,上证50ETF华夏,721780.0,498258.0,69.03
2026-05-06,510300,沪深300ETF华泰柏瑞,644341.0,559424.0,86.82
2026-05-06,510500,中证500ETF南方,897516.0,711634.0,79.29
2026-05-06,588000,科创50ETF华夏,2008971.0,1660825.0,82.67
2026-05-06,588080,科创50ETF易方达,319595.0,279384.0,87.42
2026-05-07,510050,上证50ETF华夏,417432.0,216640.0,51.9
2026-05-07,510300,沪深300ETF华泰柏瑞,352414.0,266201.0,75.54
2026-05-07,510500,中证500ETF南方,686109.0,515964.0,75.2
2026-05-07,588000,科创50ETF华夏,1008585.0,952541.0,94.44
2026-05-07,588080,科创50ETF易方达,197994.0,140540.0,70.98
2026-05-08,510050,上证50ETF华夏,428203.0,302411.0,70.62
2026-05-08,510300,沪深300ETF华泰柏瑞,410993.0,319727.0,77.79
2026-05-08,510500,中证500ETF南方,681639.0,582509.0,85.46
2026-05-08,588000,科创50ETF华夏,792784.0,1158305.0,146.11
2026-05-08,588080,科创50ETF易方达,133706.0,170534.0,127.54
2026-05-11,510050,上证50ETF华夏,734123.0,398612.0,54.3
2026-05-11,510300,沪深300ETF华泰柏瑞,771983.0,576220.0,74.64
2026-05-11,510500,中证500ETF南方,1076708.0,887244.0,82.4
2026-05-11,588000,科创50ETF华夏,1488835.0,1151959.0,77.37
2026-05-11,588080,科创50ETF易方达,244988.0,168191.0,68.65
2026-05-12,510050,上证50ETF华夏,391506.0,226179.0,57.77
2026-05-12,510300,沪深300ETF华泰柏瑞,420203.0,338429.0,80.54
2026-05-12,510500,中证500ETF南方,724419.0,720354.0,99.44
2026-05-12,588000,科创50ETF华夏,1360340.0,1011763.0,74.38
2026-05-12,588080,科创50ETF易方达,222834.0,156505.0,70.23
2026-05-13,510050,上证50ETF华夏,526233.0,322524.0,61.29
2026-05-13,510300,沪深300ETF华泰柏瑞,501395.0,525332.0,104.77
2026-05-13,510500,中证500ETF南方,831073.0,743313.0,89.44
2026-05-13,588000,科创50ETF华夏,1457707.0,1576757.0,108.17
2026-05-13,588080,科创50ETF易方达,243633.0,171100.0,70.23
2026-05-14,510050,上证50ETF华夏,569216.0,507878.0,89.22
2026-05-14,510300,沪深300ETF华泰柏瑞,657355.0,714173.0,108.64
2026-05-14,510500,中证500ETF南方,1080045.0,1127547.0,104.4
2026-05-14,588000,科创50ETF华夏,1476418.0,1892315.0,128.17
2026-05-14,588080,科创50ETF易方达,257560.0,356464.0,138.4
2026-05-15,510050,上证50ETF华夏,785033.0,733174.0,93.39
2026-05-15,510300,沪深300ETF华泰柏瑞,883532.0,1060306.0,120.01
2026-05-15,510500,中证500ETF南方,1375074.0,1581723.0,115.03
2026-05-15,588000,科创50ETF华夏,1891962.0,2721131.0,143.83
2026-05-15,588080,科创50ETF易方达,315930.0,407775.0,129.07
2026-05-18,510050,上证50ETF华夏,556154.0,545897.0,98.16
2026-05-18,510300,沪深300ETF华泰柏瑞,576696.0,770109.0,133.54
2026-05-18,510500,中证500ETF南方,936414.0,1106105.0,118.12
2026-05-18,588000,科创50ETF华夏,1319482.0,2380515.0,180.41
2026-05-18,588080,科创50ETF易方达,224279.0,406697.0,181.34
2026-05-19,510050,上证50ETF华夏,677291.0,461337.0,68.12
2026-05-19,510300,沪深300ETF华泰柏瑞,802589.0,803087.0,100.06
2026-05-19,510500,中证500ETF南方,1158030.0,1365433.0,117.91
2026-05-19,588000,科创50ETF华夏,1722400.0,2863886.0,166.27
2026-05-19,588080,科创50ETF易方达,314693.0,629700.0,200.1
2026-05-20,510050,上证50ETF华夏,510569.0,419865.0,82.23
2026-05-20,510300,沪深300ETF华泰柏瑞,594657.0,684814.0,115.16
2026-05-20,510500,中证500ETF南方,1031837.0,1087430.0,105.39
2026-05-20,588000,科创50ETF华夏,1897851.0,3199120.0,168.57
2026-05-20,588080,科创50ETF易方达,340656.0,611158.0,179.41
2026-05-21,510050,上证50ETF华夏,782355.0,586942.0,75.02
2026-05-21,510300,沪深300ETF华泰柏瑞,1050017.0,915327.0,87.17
2026-05-21,510500,中证500ETF南方,1422924.0,1328619.0,93.37
2026-05-21,588000,科创50ETF华夏,2463069.0,2420717.0,98.28
2026-05-21,588080,科创50ETF易方达,446095.0,434896.0,97.49
2026-05-22,510050,上证50ETF华夏,523489.0,376837.0,71.99
2026-05-22,510300,沪深300ETF华泰柏瑞,645541.0,609831.0,94.47
2026-05-22,510500,中证500ETF南方,1158203.0,1184510.0,102.27
2026-05-22,588000,科创50ETF华夏,1537000.0,1668095.0,108.53
2026-05-22,588080,科创50ETF易方达,254074.0,245277.0,96.54
2026-05-25,510050,上证50ETF华夏,550609.0,378329.0,68.71
2026-05-25,510300,沪深300ETF华泰柏瑞,635305.0,511039.0,80.44
2026-05-25,510500,中证500ETF南方,1051599.0,958299.0,91.13
2026-05-25,588000,科创50ETF华夏,2336817.0,1940662.0,83.05
2026-05-25,588080,科创50ETF易方达,403998.0,362850.0,89.81
2026-05-26,510050,上证50ETF华夏,487632.0,362012.0,74.24
2026-05-26,510300,沪深300ETF华泰柏瑞,664784.0,478889.0,72.04
2026-05-26,510500,中证500ETF南方,1025173.0,1222652.0,119.26
2026-05-26,588000,科创50ETF华夏,1731303.0,1625629.0,93.9
2026-05-26,588080,科创50ETF易方达,323851.0,296641.0,91.6
2026-05-27,510050,上证50ETF华夏,720954.0,575865.0,79.88
2026-05-27,510300,沪深300ETF华泰柏瑞,709607.0,597895.0,84.26
2026-05-27,510500,中证500ETF南方,963495.0,1195895.0,124.12
2026-05-27,588000,科创50ETF华夏,1646707.0,1706284.0,103.62
2026-05-27,588080,科创50ETF易方达,299471.0,307304.0,102.62
2026-05-28,510050,上证50ETF华夏,577066.0,424098.0,73.49
2026-05-28,510300,沪深300ETF华泰柏瑞,616847.0,470775.0,76.32
2026-05-28,510500,中证500ETF南方,756071.0,1007357.0,133.24
2026-05-28,588000,科创50ETF华夏,1041540.0,1319306.0,126.67
2026-05-28,588080,科创50ETF易方达,147113.0,188888.0,128.4
2026-05-29,510050,上证50ETF华夏,634501.0,436236.0,68.75
2026-05-29,510300,沪深300ETF华泰柏瑞,689618.0,551688.0,80.0
2026-05-29,510500,中证500ETF南方,753711.0,1004839.0,133.32
2026-05-29,588000,科创50ETF华夏,1286635.0,1730095.0,134.47
2026-05-29,588080,科创50ETF易方达,202903.0,291395.0,143.61
2026-06-01,510050,上证50ETF华夏,534620.0,379772.0,71.04
2026-06-01,510300,沪深300ETF华泰柏瑞,563885.0,494089.0,87.62
2026-06-01,510500,中证500ETF南方,709559.0,997880.0,140.63
2026-06-01,588000,科创50ETF华夏,1329271.0,1776923.0,133.68
2026-06-01,588080,科创50ETF易方达,208293.0,339037.0,162.77
2026-06-02,510050,上证50ETF华夏,556767.0,339538.0,60.98
2026-06-02,510300,沪深300ETF华泰柏瑞,614691.0,557909.0,90.76
2026-06-02,510500,中证500ETF南方,734384.0,973562.0,132.57
2026-06-02,588000,科创50ETF华夏,1102438.0,1510266.0,136.99
2026-06-02,588080,科创50ETF易方达,196604.0,280259.0,142.55
2026-06-03,510050,上证50ETF华夏,569663.0,355008.0,62.32
2026-06-03,510300,沪深300ETF华泰柏瑞,669954.0,684991.0,102.24
2026-06-03,510500,中证500ETF南方,874960.0,902828.0,103.19
2026-06-03,588000,科创50ETF华夏,1694270.0,1960851.0,115.73
2026-06-03,588080,科创50ETF易方达,319185.0,309612.0,97.0
2026-06-04,510050,上证50ETF华夏,542863.0,364878.0,67.21
2026-06-04,510300,沪深300ETF华泰柏瑞,611351.0,526311.0,86.09
2026-06-04,510500,中证500ETF南方,644724.0,768032.0,119.13
2026-06-04,588000,科创50ETF华夏,999801.0,1931866.0,193.23
2026-06-04,588080,科创50ETF易方达,166794.0,299313.0,179.45
2026-06-05,510050,上证50ETF华夏,545337.0,405116.0,74.29
2026-06-05,510300,沪深300ETF华泰柏瑞,804665.0,701657.0,87.2
2026-06-05,510500,中证500ETF南方,845616.0,1018893.0,120.49
2026-06-05,588000,科创50ETF华夏,1172565.0,2111500.0,180.08
2026-06-05,588080,科创50ETF易方达,220516.0,352210.0,159.72
2026-06-08,510050,上证50ETF华夏,825299.0,652361.0,79.05
2026-06-08,510300,沪深300ETF华泰柏瑞,835067.0,898400.0,107.58
2026-06-08,510500,中证500ETF南方,1048267.0,1289040.0,122.97
2026-06-08,588000,科创50ETF华夏,1422809.0,2115304.0,148.67
2026-06-08,588080,科创50ETF易方达,267005.0,314819.0,117.91
2026-06-09,510050,上证50ETF华夏,529536.0,391002.0,73.84
2026-06-09,510300,沪深300ETF华泰柏瑞,536445.0,554133.0,103.3
2026-06-09,510500,中证500ETF南方,963832.0,894230.0,92.78
2026-06-09,588000,科创50ETF华夏,1203383.0,2386941.0,198.35
2026-06-09,588080,科创50ETF易方达,194977.0,286549.0,146.97
2026-06-10,510050,上证50ETF华夏,623142.0,437152.0,70.15
2026-06-10,510300,沪深300ETF华泰柏瑞,650473.0,656708.0,100.96
2026-06-10,510500,中证500ETF南方,881445.0,1032071.0,117.09
2026-06-10,588000,科创50ETF华夏,1392003.0,2734334.0,196.43
2026-06-10,588080,科创50ETF易方达,229218.0,221071.0,96.45
2026-06-11,510050,上证50ETF华夏,419741.0,340613.0,81.15
2026-06-11,510300,沪深300ETF华泰柏瑞,705335.0,688046.0,97.55
2026-06-11,510500,中证500ETF南方,888455.0,996740.0,112.19
2026-06-11,588000,科创50ETF华夏,1184368.0,2004257.0,169.23
2026-06-11,588080,科创50ETF易方达,193577.0,198351.0,102.47
2026-06-12,510050,上证50ETF华夏,1024793.0,643556.0,62.8
2026-06-12,510300,沪深300ETF华泰柏瑞,824852.0,675603.0,81.91
2026-06-12,510500,中证500ETF南方,1111575.0,953887.0,85.81
2026-06-12,588000,科创50ETF华夏,1451967.0,2106994.0,145.11
2026-06-12,588080,科创50ETF易方达,248511.0,173403.0,69.78
2026-06-15,510050,上证50ETF华夏,1052375.0,606359.0,57.62
2026-06-15,510300,沪深300ETF华泰柏瑞,871847.0,693856.0,79.58
2026-06-15,510500,中证500ETF南方,1035508.0,911829.0,88.06
2026-06-15,588000,科创50ETF华夏,1575660.0,3682241.0,233.7
2026-06-15,588080,科创50ETF易方达,247872.0,406289.0,163.91
2026-06-16,510050,上证50ETF华夏,674396.0,564078.0,83.64
2026-06-16,510300,沪深300ETF华泰柏瑞,867408.0,1193856.0,137.63
2026-06-16,510500,中证500ETF南方,1047485.0,990627.0,94.57
2026-06-16,588000,科创50ETF华夏,1675497.0,2334376.0,139.32
2026-06-16,588080,科创50ETF易方达,246682.0,287846.0,116.69
2026-06-17,510050,上证50ETF华夏,721340.0,578679.0,80.22
2026-06-17,510300,沪深300ETF华泰柏瑞,875542.0,943575.0,107.77
2026-06-17,510500,中证500ETF南方,993743.0,866981.0,87.24
2026-06-17,588000,科创50ETF华夏,2477906.0,3789237.0,152.92
2026-06-17,588080,科创50ETF易方达,460825.0,420708.0,91.29
2026-06-18,510050,上证50ETF华夏,1131464.0,675423.0,59.69
2026-06-18,510300,沪深300ETF华泰柏瑞,1094993.0,1168196.0,106.69
2026-06-18,510500,中证500ETF南方,1080503.0,1062263.0,98.31
2026-06-18,588000,科创50ETF华夏,2680016.0,3735011.0,139.37
2026-06-18,588080,科创50ETF易方达,500609.0,504378.0,100.75
2026-06-22,510050,上证50ETF华夏,1545271.0,782823.0,50.66
2026-06-22,510300,沪深300ETF华泰柏瑞,1015194.0,879086.0,86.59
2026-06-22,510500,中证500ETF南方,1121361.0,1101034.0,98.19
2026-06-22,588000,科创50ETF华夏,2040498.0,1835785.0,89.97
2026-06-22,588080,科创50ETF易方达,396546.0,409606.0,103.29
2026-06-23,510050,上证50ETF华夏,1163092.0,806079.0,69.3
2026-06-23,510300,沪深300ETF华泰柏瑞,884294.0,891874.0,100.86
2026-06-23,510500,中证500ETF南方,1034020.0,1185141.0,114.61
2026-06-23,588000,科创50ETF华夏,1950123.0,1821644.0,93.41
2026-06-23,588080,科创50ETF易方达,340131.0,338870.0,99.63
2026-06-24,510050,上证50ETF华夏,784323.0,506328.0,64.56
2026-06-24,510300,沪深300ETF华泰柏瑞,664269.0,604931.0,91.07
2026-06-24,510500,中证500ETF南方,867756.0,856111.0,98.66
2026-06-24,588000,科创50ETF华夏,1928635.0,1555784.0,80.67
2026-06-24,588080,科创50ETF易方达,310970.0,266478.0,85.69
2026-06-25,510050,上证50ETF华夏,722317.0,543777.0,75.28
2026-06-25,510300,沪深300ETF华泰柏瑞,673201.0,602988.0,89.57
2026-06-25,510500,中证500ETF南方,655699.0,689770.0,105.2
2026-06-25,588000,科创50ETF华夏,1506039.0,1460036.0,96.95
2026-06-25,588080,科创50ETF易方达,215050.0,207974.0,96.71
2026-06-26,510050,上证50ETF华夏,856321.0,789407.0,92.19
2026-06-26,510300,沪深300ETF华泰柏瑞,684157.0,922801.0,134.88
2026-06-26,510500,中证500ETF南方,680669.0,847609.0,124.53
2026-06-26,588000,科创50ETF华夏,1328121.0,1726440.0,129.99
2026-06-26,588080,科创50ETF易方达,181824.0,236320.0,129.97
2026-06-29,510050,上证50ETF华夏,914075.0,605264.0,66.22
2026-06-29,510300,沪深300ETF华泰柏瑞,598089.0,801384.0,133.99
2026-06-29,510500,中证500ETF南方,732238.0,880425.0,120.24
2026-06-29,588000,科创50ETF华夏,1457143.0,1468155.0,100.76
2026-06-29,588080,科创50ETF易方达,194764.0,199752.0,102.56
2026-06-30,510050,上证50ETF华夏,629728.0,435011.0,69.08
2026-06-30,510300,沪深300ETF华泰柏瑞,457145.0,552176.0,120.79
2026-06-30,510500,中证500ETF南方,746963.0,733793.0,98.24
2026-06-30,588000,科创50ETF华夏,1508121.0,1694619.0,112.37
2026-06-30,588080,科创50ETF易方达,225205.0,223752.0,99.35
2026-07-01,510050,上证50ETF华夏,903593.0,530813.0,58.74
2026-07-01,510300,沪深300ETF华泰柏瑞,523565.0,615306.0,117.52
2026-07-01,510500,中证500ETF南方,846347.0,843455.0,99.66
2026-07-01,588000,科创50ETF华夏,1620918.0,1639193.0,101.13
2026-07-01,588080,科创50ETF易方达,236805.0,309214.0,130.58
2026-07-02,510050,上证50ETF华夏,725523.0,596452.0,82.21
2026-07-02,510300,沪深300ETF华泰柏瑞,617641.0,688434.0,111.46
2026-07-02,510500,中证500ETF南方,791185.0,981116.0,124.01
2026-07-02,588000,科创50ETF华夏,1584246.0,1690508.0,106.71
2026-07-02,588080,科创50ETF易方达,242247.0,274635.0,113.37
2026-07-03,510050,上证50ETF华夏,676347.0,506646.0,74.91
2026-07-03,510300,沪深300ETF华泰柏瑞,560265.0,669268.0,119.46
2026-07-03,510500,中证500ETF南方,761104.0,895066.0,117.6
2026-07-03,588000,科创50ETF华夏,1455695.0,1349851.0,92.73
2026-07-03,588080,科创50ETF易方达,223700.0,168187.0,75.18
2026-07-06,510050,上证50ETF华夏,547879.0,334638.0,61.08
2026-07-06,510300,沪深300ETF华泰柏瑞,507944.0,500265.0,98.49
2026-07-06,510500,中证500ETF南方,690607.0,914549.0,132.43
2026-07-06,588000,科创50ETF华夏,1610380.0,1767283.0,109.74
2026-07-06,588080,科创50ETF易方达,265864.0,312711.0,117.62
2026-07-07,510050,上证50ETF华夏,571991.0,386769.0,67.62
2026-07-07,510300,沪深300ETF华泰柏瑞,512075.0,507072.0,99.02
2026-07-07,510500,中证500ETF南方,656784.0,958923.0,146.0
2026-07-07,588000,科创50ETF华夏,1327990.0,1645914.0,123.94
2026-07-07,588080,科创50ETF易方达,178383.0,240959.0,135.08
2026-07-08,510050,上证50ETF华夏,476507.0,368556.0,77.35
2026-07-08,510300,沪深300ETF华泰柏瑞,566388.0,461636.0,81.51
2026-07-08,510500,中证500ETF南方,779796.0,994980.0,127.59
2026-07-08,588000,科创50ETF华夏,1514763.0,1402415.0,92.58
2026-07-08,588080,科创50ETF易方达,215990.0,216294.0,100.14
2026-07-09,510050,上证50ETF华夏,880112.0,555253.0,63.09
2026-07-09,510300,沪深300ETF华泰柏瑞,677478.0,517052.0,76.32
2026-07-09,510500,中证500ETF南方,978883.0,1062890.0,108.58
2026-07-09,588000,科创50ETF华夏,2144203.0,1827040.0,85.21
2026-07-09,588080,科创50ETF易方达,330463.0,304059.0,92.01
2026-07-10,510050,上证50ETF华夏,817473.0,591115.0,72.31
2026-07-10,510300,沪深300ETF华泰柏瑞,643358.0,594940.0,92.47
2026-07-10,510500,中证500ETF南方,921256.0,1015811.0,110.26
2026-07-10,588000,科创50ETF华夏,2082957.0,2070742.0,99.41
2026-07-10,588080,科创50ETF易方达,384826.0,342616.0,89.03
2026-07-13,510050,上证50ETF华夏,752053.0,695502.0,92.48
2026-07-13,510300,沪深300ETF华泰柏瑞,745562.0,786183.0,105.45
2026-07-13,510500,中证500ETF南方,952824.0,1441077.0,151.24
2026-07-13,588000,科创50ETF华夏,1802996.0,2372716.0,131.6
2026-07-13,588080,科创50ETF易方达,303845.0,442113.0,145.51
2026-07-14,510050,上证50ETF华夏,839221.0,636628.0,75.86
2026-07-14,510300,沪深300ETF华泰柏瑞,910842.0,799997.0,87.83
2026-07-14,510500,中证500ETF南方,1193983.0,1534842.0,128.55
2026-07-14,588000,科创50ETF华夏,1953382.0,2658825.0,136.11
2026-07-14,588080,科创50ETF易方达,333212.0,477419.0,143.28
2026-07-15,510050,上证50ETF华夏,616122.0,396627.0,64.37
2026-07-15,510300,沪深300ETF华泰柏瑞,509344.0,472717.0,92.81
2026-07-15,510500,XD中证500ETF南方,908084.0,1258133.0,138.55
2026-07-15,588000,科创50ETF华夏,1647546.0,2216372.0,134.53
2026-07-15,588080,科创50ETF易方达,266539.0,404987.0,151.94
2026-07-16,510050,上证50ETF华夏,886360.0,707366.0,79.81
2026-07-16,510300,沪深300ETF华泰柏瑞,806116.0,618012.0,76.67
2026-07-16,510500,中证500ETF南方,966689.0,1368359.0,141.55
2026-07-16,588000,科创50ETF华夏,1835366.0,3082981.0,167.98
2026-07-16,588080,科创50ETF易方达,324241.0,632656.0,195.12
2026-07-17,510050,上证50ETF华夏,1189694.0,984046.0,82.71
2026-07-17,510300,沪深300ETF华泰柏瑞,1170351.0,1162853.0,99.36
2026-07-17,510500,中证500ETF南方,1426494.0,1588765.0,111.38
2026-07-17,588000,科创50ETF华夏,2503545.0,3364588.0,134.39
2026-07-17,588080,科创50ETF易方达,423350.0,852572.0,201.39
2026-07-20,510050,上证50ETF华夏,1184878.0,793952.0,67.01
2026-07-20,510300,沪深300ETF华泰柏瑞,1162544.0,936533.0,80.56
2026-07-20,510500,中证500ETF南方,1415397.0,1517253.0,107.2
2026-07-20,588000,科创50ETF华夏,2145717.0,3308131.0,154.17
2026-07-20,588080,科创50ETF易方达,343973.0,883655.0,256.9
2026-07-21,510050,上证50ETF华夏,957428.0,621004.0,64.86
2026-07-21,510300,沪深300ETF华泰柏瑞,840643.0,635148.0,75.56
2026-07-21,510500,中证500ETF南方,1429074.0,1155069.0,80.83
2026-07-21,588000,科创50ETF华夏,2668674.0,2265178.0,84.88
2026-07-21,588080,科创50ETF易方达,428503.0,446504.0,104.2
2026-07-22,510050,上证50ETF华夏,829189.0,656175.0,79.13
2026-07-22,510300,沪深300ETF华泰柏瑞,750571.0,562424.0,74.93
2026-07-22,510500,中证500ETF南方,1041728.0,906963.0,87.06
2026-07-22,588000,科创50ETF华夏,2004098.0,1814091.0,90.52
2026-07-22,588080,科创50ETF易方达,317368.0,299612.0,94.41
2026-07-23,510050,上证50ETF华夏,334141.0,240715.0,72.04
2026-07-23,510300,沪深300ETF华泰柏瑞,317497.0,281613.0,88.7
2026-07-23,510500,中证500ETF南方,551713.0,568779.0,103.09
2026-07-23,588000,科创50ETF华夏,1023795.0,1076803.0,105.18
2026-07-23,588080,科创50ETF易方达,108420.0,112349.0,103.62
2026-07-24,510050,上证50ETF华夏,385818.0,297329.0,77.06
2026-07-24,510300,沪深300ETF华泰柏瑞,396210.0,353332.0,89.18
2026-07-24,510500,中证500ETF南方,580774.0,737512.0,126.99
2026-07-24,588000,科创50ETF华夏,1030621.0,939439.0,91.15
2026-07-24,588080,科创50ETF易方达,98166.0,103525.0,105.46
2026-07-27,510050,上证50ETF华夏,392557.0,246126.0,62.7
2026-07-27,510300,沪深300ETF华泰柏瑞,298628.0,277970.0,93.08
2026-07-27,510500,中证500ETF南方,694616.0,664353.0,95.64
2026-07-27,588000,科创50ETF华夏,949900.0,911390.0,95.95
2026-07-27,588080,科创50ETF易方达,104857.0,94357.0,89.99
2026-07-28,510050,上证50ETF华夏,417436.0,383178.0,91.79
2026-07-28,510300,沪深300ETF华泰柏瑞,455909.0,508995.0,111.64
2026-07-28,510500,中证500ETF南方,676839.0,844944.0,124.84
2026-07-28,588000,科创50ETF华夏,1130490.0,1202996.0,106.41
2026-07-28,588080,科创50ETF易方达,128481.0,140287.0,109.19
2026-07-29,510050,上证50ETF华夏,379895.0,294756.0,77.59
2026-07-29,510300,沪深300ETF华泰柏瑞,447339.0,435534.0,97.36
2026-07-29,510500,中证500ETF南方,919052.0,763269.0,83.05
2026-07-29,588000,科创50ETF华夏,1430823.0,1472731.0,102.93
2026-07-29,588080,科创50ETF易方达,179287.0,192091.0,107.14
2026-07-30,510050,上证50ETF华夏,457985.0,383336.0,83.7
2026-07-30,510300,沪深300ETF华泰柏瑞,654077.0,576000.0,88.06
2026-07-30,510500,中证500ETF南方,874390.0,994028.0,113.68
2026-07-30,588000,科创50ETF华夏,1329306.0,1310132.0,98.56
2026-07-30,588080,科创50ETF易方达,183731.0,198301.0,107.93
2026-07-31,510050,上证50ETF华夏,370685.0,237362.0,64.03
2026-07-31,510300,沪深300ETF华泰柏瑞,456480.0,349041.0,76.46
2026-07-31,510500,中证500ETF南方,970202.0,819413.0,84.46
2026-07-31,588000,科创50ETF华夏,1468138.0,1316707.0,89.69
2026-07-31,588080,科创50ETF易方达,183753.0,156379.0,85.1
2026-08-03,510050,上证50ETF华夏,383671.0,220775.0,57.54
2026-08-03,510300,沪深300ETF华泰柏瑞,403614.0,260134.0,64.45
2026-08-03,510500,中证500ETF南方,496704.0,469077.0,94.44
2026-08-03,588000,科创50ETF华夏,1003998.0,1008691.0,100.47
2026-08-03,588080,科创50ETF易方达,138950.0,135765.0,97.71
2026-08-04,510050,上证50ETF华夏,312900.0,163779.0,52.34
2026-08-04,510300,沪深300ETF华泰柏瑞,365394.0,225959.0,61.84
2026-08-04,510500,中证500ETF南方,743727.0,511794.0,68.81
2026-08-04,588000,科创50ETF华夏,1175705.0,957594.0,81.45
2026-08-04,588080,科创50ETF易方达,160210.0,116605.0,72.78
2026-08-05,510050,上证50ETF华夏,400594.0,245209.0,61.21
2026-08-05,510300,沪深300ETF华泰柏瑞,526311.0,355264.0,67.5
2026-08-05,510500,中证500ETF南方,921533.0,602589.0,65.39
2026-08-05,588000,科创50ETF华夏,1536324.0,1189233.0,77.41
2026-08-05,588080,科创50ETF易方达,198824.0,135216.0,68.01
2026-08-06,510050,上证50ETF华夏,231282.0,142456.0,61.59
2026-08-06,510300,沪深300ETF华泰柏瑞,303037.0,237838.0,78.48
2026-08-06,510500,中证500ETF南方,723380.0,599291.0,82.85
2026-08-06,588000,科创50ETF华夏,1100497.0,1005574.0,91.37
2026-08-06,588080,科创50ETF易方达,129770.0,139100.0,107.19
2026-08-07,510050,上证50ETF华夏,373213.0,253975.0,68.05
2026-08-07,510300,沪深300ETF华泰柏瑞,394250.0,307344.0,77.96
2026-08-07,510500,中证500ETF南方,1012846.0,705162.0,69.62
2026-08-07,588000,科创50ETF华夏,1101760.0,893981.0,81.14
2026-08-07,588080,科创50ETF易方达,126861.0,131377.0,103.56
2026-08-10,510050,上证50ETF华夏,281355.0,194910.0,69.28
2026-08-10,510300,沪深300ETF华泰柏瑞,300265.0,244736.0,81.51
2026-08-10,510500,中证500ETF南方,750946.0,592505.0,78.9
2026-08-10,588000,科创50ETF华夏,892040.0,981345.0,110.01
2026-08-10,588080,科创50ETF易方达,103109.0,126498.0,122.68
2026-08-11,510050,上证50ETF华夏,303356.0,191173.0,63.02
2026-08-11,510300,沪深300ETF华泰柏瑞,280628.0,234422.0,83.53
2026-08-11,510500,中证500ETF南方,804869.0,590753.0,73.4
2026-08-11,588000,科创50ETF华夏,937138.0,1088943.0,116.2
2026-08-11,588080,科创50ETF易方达,97439.0,121863.0,125.07
2026-08-12,510050,上证50ETF华夏,251292.0,153551.0,61.1
2026-08-12,510300,沪深300ETF华泰柏瑞,302314.0,209689.0,69.36
2026-08-12,510500,中证500ETF南方,718953.0,524030.0,72.89
2026-08-12,588000,科创50ETF华夏,992178.0,1173106.0,118.24
2026-08-12,588080,科创50ETF易方达,111266.0,143444.0,128.92
2026-08-13,510050,上证50ETF华夏,371856.0,260579.0,70.08
2026-08-13,510300,沪深300ETF华泰柏瑞,382047.0,292566.0,76.58
2026-08-13,510500,中证500ETF南方,866947.0,634457.0,73.18
2026-08-13,588000,科创50ETF华夏,1348077.0,1816838.0,134.77
2026-08-13,588080,科创50ETF易方达,144160.0,272042.0,188.71
